indx,ppi,ip,ee
130.75,127.5,100.7875,121.3
132.2825,127.1,109.1753,120.7
115.6775,126.3,105.3312,121.5
108.896,124.6,105.715,121.9
112.8625,124,106.0385,122.1
100.486,120.6,106.3391,121.7
87.1175,117.4,107.6658,122
77.5625,115.2,110.3128,120.7
78.914,113.9,105.8498,120.4
79.74,113.4,110.7238,120.3
71.9275,111.5,119.5268,119.9
76.175,111.3,109.2568,120.3
69.364,111,111.7665,120.3
64.1925,110.9,110.0346,120
78.866,111.8,108.8446,119.9
81.6875,111.4,107.7005,119.2
81.915,112.3,109.87,119
78.466,112.4,109.8277,119.3
84.695,113,110.5353,119.3
86.145,113.1,106.4095,118.5
81.136,112.5,103.578,118.3
79.5325,113,103.2987,118.1
87.425,115,102.4586,116.3
97.052,116.2,98.9503,117.8
101.775,116.4,102.1189,117.5
118.2375,119.3,101.187,117.5
110.484,121,104.1058,117
104.4825,122.8,100.7019,117
104.084,122.8,98.2296,117
101.4,122.6,98.1811,117.4
111.64,121.6,99.8426,117.2
121.274,123.5,96.3172,116.9
141.905,126.4,99.4469,116.6
151.545,128.6,103.0476,116.3
142.898,129,97.1902,117
140.2775,128,99.6312,119
173.9675,129.7,100.9064,117.9
155.306,132.3,102.2829,119.2
148.0225,134.6,106.0198,118.7
166.105,136.4,105.9918,119
165.296,142.7,109.0915,119.2
149.3975,144.7,104.7067,120.7
145.04,140.1,106.0966,120.4
138.26,137.9,105.4267,119.5
137.57,136.9,109.8284,119.9
125.1725,136.7,105.13,120.1
111.048,134.8,109.3697,120.9
93.0125,133.6,108.0954,122.4
90.06,133.1,104.0989,122.6
92.708,133.3,101.6065,123.2
88.6025,133.6,102.377,123.3
87.322,134.2,99.6732,122.9
70.9675,132.5,101.5755,122.7
73.27,130.9,99.887,123.2
66.244,130.6,100.8314,121.9
64.835,128.3,102.1574,121.9
63.9,127.7,102.1942,121.4
68.935,126.6,100.3142,120.4
66.084,125.4,100.4978,121.2
64.07,125.5,102.6334,122.1
49.058,126,102.4043,120.7
30.6375,123.1,93.8588,120.2
21.9825,121.7,99.6335,121.1
23.332,115.6,76.8673,114.7
36.655,111.3,74.9236,111.9
35.7925,110.9,80.7566,113
45.078,113,92.2115,113.2
47.2725,116.1,89.5649,111
42.348,120.4,95.2488,110.7
53.5925,120.8,102.0282,112.1
76.0625,122,105.4911,112.8
79.665,127.2,88.8684,111.3
70.468,130.9,91.057,110.9
99.23,132.5,96.9956,110.3
113.9,135.9,93.4793,111.4
131.25,143,106.2495,111.2
126.3725,149.6,95.5397,112.5
123.78,153.9,91.6844,113.7
139.9075,154.785,94.9833,115.4
161.9875,160.215,96.5689,115.1
170.496,166.792,91.0196,115
165.1125,174.048,99.3079,116.7
166.1525,174.286,102.3329,116.9
204.224,164.692,102.4651,117.7
233.445,172.721,102.5996,116.2
281.825,185.82,104.4397,116.7
288.236,189.508,103.0142,117.1
211.58,196.135,104.5382,117
195.25,187.521,108.5163,118.2
155.662,176.879,110.1228,119.6
174.38,168.047,114.1918,120.1
161.026,162.765,104.7454,120.2
129.8825,160.012,101.0123,121.4
151.045,154.624,111.6316,121.5
158.92,154.259,98.5635,121.2
165.094,156.002,90.8181,122.2
171.72,159.405,98.2031,121.2
158.8775,162.15,100.983,121.3
136.892,161.781,96.9024,122.5
123.63,158.788,108.9032,121.9
117.734,159.438,95.8795,121.4
116.0825,157.384,97.7763,122.8
110.72,154.951,95.6438,123.1
98.816,154.3,95.6249,123.8
91.21,152.886,99.8867,123.6
86.17,152.248,89.134,124
98.294,151.728,94.8452,123.7
105.4925,151.028,100.0409,123.7
97.6925,150.234,95.7047,122.5
99.678,150.464,95.6695,121.7
120.43,149.935,98.9509,121
129.805,151.306,94.6838,121.7
140.144,157.571,107.4406,120.7
133.305,161.101,90.8093,122
107.25,161.699,96.0188,121.3
109.932,157.893,108.3372,121.9
137.6025,156.822,98.0005,120.8
145.5875,159.635,99.9536,120
144.4,163.018,98.1876,119.2
127.105,164.155,93.5287,119.9
122.648,164.231,102.3698,118.7
114.075,166.178,95.3902,119.5
88.425,174.089,96.4371,120.6
91.984,175.755,99.0156,120.7
94.79,170.291,95.1356,120.9
103.3725,170.104,98.5013,121.1
104.096,182.121,94.3421,121.6
110.7875,191.237,106.6205,120.5
121.356,194.026,96.1622,119.7
126.43,197.718,100.6329,118.7
156.205,204.445,102.1452,119
200.3,209.677,96.5948,120.2
