,Monthly Nominal GDP Index,Monthly Real GDP Index,,
1992 - Jan,6310.181,10168.514,,
1992 - Feb,6352.476,10216.048,,
1992 - Mar,6426.649,10322.895,,
1992 - Apr,6443.691,10314.599,,
1992 - May,6429.304,10285.887,,
1992 - Jun,6539.294,10439.876,,
1992 - Jul,6558.362,10452.607,,
1992 - Aug,6553.782,10425.778,,
1992 - Sep,6587.779,10468.744,,
1992 - Oct,6637.685,10525.152,,
1992 - Nov,6676.680,10549.413,,
1992 - Dec,6728.044,10599.358,,
1993 - Jan,6705.792,10558.148,,
1993 - Feb,6738.168,10588.904,,
1993 - Mar,6744.417,10579.745,,
1993 - Apr,6766.203,10593.224,,
1993 - May,6816.967,10647.514,,
1993 - Jun,6843.647,10670.730,,
1993 - Jul,6833.243,10632.126,,
1993 - Aug,6874.673,10675.410,,
1993 - Sep,6938.378,10756.175,,
1993 - Oct,6942.106,10749.059,,
1993 - Nov,7036.696,10861.338,,
1993 - Dec,7062.412,10889.478,,
1994 - Jan,7069.265,10878.240,,
1994 - Feb,7118.609,10940.746,,
1994 - Mar,7159.081,10996.297,,
1994 - Apr,7182.142,11011.928,,
1994 - May,7286.218,11121.558,,
1994 - Jun,7272.433,11126.438,,
1994 - Jul,7296.193,11113.287,,
1994 - Aug,7352.252,11194.072,,
1994 - Sep,7344.780,11147.133,,
1994 - Oct,7431.532,11250.243,,
1994 - Nov,7431.005,11238.152,,
1994 - Dec,7503.327,11349.858,,
1995 - Jan,7535.389,11346.020,,
1995 - Feb,7478.539,11257.031,,
1995 - Mar,7552.940,11355.748,,
1995 - Apr,7534.626,11290.257,,
1995 - May,7560.387,11326.807,,
1995 - Jun,7647.978,11443.582,,
1995 - Jul,7628.988,11377.602,,
1995 - Aug,7677.222,11445.904,,
1995 - Sep,7743.165,11527.079,,
1995 - Oct,7754.533,11491.286,,
1995 - Nov,7746.173,11496.526,,
1995 - Dec,7817.053,11596.756,,
1996 - Jan,7835.977,11577.945,,
1996 - Feb,7847.293,11591.461,,
1996 - Mar,7922.134,11675.186,,
1996 - Apr,8026.041,11819.610,,
1996 - May,8008.352,11775.593,,
1996 - Jun,8064.126,11830.699,,
1996 - Jul,8107.728,11888.547,,
1996 - Aug,8116.232,11899.527,,
1996 - Sep,8170.264,11955.237,,
1996 - Oct,8260.298,12052.997,,
1996 - Nov,8272.226,12047.725,,
1996 - Dec,8246.789,12013.790,,
1997 - Jan,8309.893,12086.720,,
1997 - Feb,8387.067,12172.726,,
1997 - Mar,8391.006,12088.206,,
1997 - Apr,8509.637,12357.433,,
1997 - May,8478.806,12244.125,,
1997 - Jun,8568.032,12351.365,,
1997 - Jul,8621.275,12451.035,,
1997 - Aug,8655.044,12481.100,,
1997 - Sep,8712.150,12482.198,,
1997 - Oct,8747.989,12562.718,,
1997 - Nov,8737.158,12536.979,,
1997 - Dec,8812.574,12634.071,,
1998 - Jan,8770.138,12567.494,,
1998 - Feb,8896.317,12756.244,,
1998 - Mar,8932.985,12788.702,,
1998 - Apr,8926.106,12762.450,,
1998 - May,8953.525,12795.596,,
1998 - Jun,9029.466,12906.947,,
1998 - Jul,9050.801,12881.260,,
1998 - Aug,9099.737,12946.393,,
1998 - Sep,9212.754,13121.344,,
1998 - Oct,9266.086,13164.767,,
1998 - Nov,9306.699,13218.314,,
1998 - Dec,9309.189,13192.599,,
1999 - Jan,9360.995,13228.295,,
1999 - Feb,9410.165,13326.379,,
1999 - Mar,9463.886,13392.864,,
1999 - Apr,9495.317,13395.425,,
1999 - May,9538.268,13444.891,,
1999 - Jun,9545.045,13440.815,,
1999 - Jul,9662.378,13567.021,,
1999 - Aug,9662.843,13604.823,,
1999 - Sep,9734.656,13643.312,,
1999 - Oct,9823.131,13725.532,,
1999 - Nov,9889.000,13809.610,,
1999 - Dec,9988.375,13949.300,,
2000 - Jan,9924.405,13812.797,,
2000 - Feb,9994.569,13870.331,,
2000 - Mar,10087.563,13951.902,,
2000 - Apr,10225.342,14133.935,,
2000 - May,10233.724,14116.034,,
2000 - Jun,10284.094,14143.226,,
2000 - Jul,10235.623,14058.654,,
2000 - Aug,10335.969,14171.410,,
2000 - Sep,10382.903,14206.260,,
2000 - Oct,10435.546,14247.977,,
2000 - Nov,10445.773,14233.016,,
2000 - Dec,10425.913,14209.374,,
2001 - Jan,10468.513,14215.535,,
2001 - Feb,10462.811,14184.965,,
2001 - Mar,10479.369,14150.408,,
2001 - Apr,10565.661,14260.434,,
2001 - May,10639.057,14326.693,,
2001 - Jun,10592.282,14229.621,,
2001 - Jul,10585.962,14184.655,,
2001 - Aug,10700.558,14349.090,,
2001 - Sep,10507.540,14111.362,,
2001 - Oct,10639.611,14234.814,,
2001 - Nov,10588.525,14160.538,,
2001 - Dec,10753.260,14367.226,,
2002 - Jan,10785.244,14406.456,,
2002 - Feb,10749.248,14323.286,,
2002 - Mar,10816.008,14390.533,,
2002 - Apr,10857.833,14443.980,,
2002 - May,10869.779,14442.125,,
2002 - Jun,10934.768,14498.334,,
2002 - Jul,11001.432,14574.797,,
2002 - Aug,10952.437,14491.615,,
2002 - Sep,10998.251,14494.137,,
2002 - Oct,10998.383,14480.084,,
2002 - Nov,11052.166,14522.331,,
2002 - Dec,11133.749,14611.744,,
2003 - Jan,11134.289,14594.054,,
2003 - Feb,11211.253,14653.672,,
2003 - Mar,11176.846,14596.340,,
2003 - Apr,11258.647,14675.660,,
2003 - May,11275.212,14690.265,,
2003 - Jun,11404.439,14866.790,,
2003 - Jul,11469.307,14911.192,,
2003 - Aug,11566.260,14983.673,,
2003 - Sep,11664.440,15073.572,,
2003 - Oct,11699.763,15093.190,,
2003 - Nov,11785.439,15181.129,,
2003 - Dec,11831.501,15215.998,,
2004 - Jan,11805.815,15134.117,,
2004 - Feb,11927.528,15259.778,,
2004 - Mar,12036.998,15354.195,,
2004 - Apr,12036.186,15311.404,,
2004 - May,12174.836,15445.275,,
2004 - Jun,12127.423,15346.006,,
2004 - Jul,12279.660,15483.681,,
2004 - Aug,12301.907,15522.369,,
2004 - Sep,12334.354,15533.976,,
2004 - Oct,12471.062,15652.932,,
2004 - Nov,12514.967,15649.617,,
2004 - Dec,12595.613,15712.258,,
2005 - Jan,12747.996,15854.919,,
2005 - Feb,12752.050,15827.364,,
2005 - Mar,12801.812,15854.103,,
2005 - Apr,12859.531,15896.577,,
2005 - May,12881.596,15863.088,,
2005 - Jun,13026.841,16010.792,,
2005 - Jul,13095.775,16037.272,,
2005 - Aug,13152.334,16077.177,,
2005 - Sep,13179.817,16030.469,,
2005 - Oct,13234.972,16063.584,,
2005 - Nov,13299.753,16112.402,,
2005 - Dec,13437.887,16236.343,,
2006 - Jan,13517.122,16314.887,,
2006 - Feb,13569.165,16307.550,,
2006 - Mar,13711.193,16441.145,,
2006 - Apr,13696.223,16371.674,,
2006 - May,13781.552,16415.579,,
2006 - Jun,13782.497,16403.396,,
2006 - Jul,13793.202,16368.170,,
2006 - Aug,13884.184,16420.271,,
2006 - Sep,13933.178,16476.081,,
2006 - Oct,13966.219,16488.682,,
2006 - Nov,14060.037,16601.601,,
2006 - Dec,14092.425,16597.643,,
2007 - Jan,14135.188,16579.695,,
2007 - Feb,14289.107,16683.949,,
2007 - Mar,14222.658,16573.639,,
2007 - Apr,14361.677,16710.160,,
2007 - May,14402.073,16703.031,,
2007 - Jun,14442.496,16728.703,,
2007 - Jul,14426.195,16673.465,,
2007 - Aug,14598.174,16863.885,,
2007 - Sep,14667.982,16893.262,,
2007 - Oct,14661.838,16876.083,,
2007 - Nov,14717.031,16900.204,,
2007 - Dec,14766.305,16971.095,,
2008 - Jan,14807.124,16996.724,,
2008 - Feb,14627.136,16753.549,,
2008 - Mar,14685.355,16780.753,,
2008 - Apr,14754.027,16842.814,,
2008 - May,14801.352,16890.148,,
2008 - Jun,15041.723,17098.348,,
2008 - Jul,14970.169,16969.430,,
2008 - Aug,14923.829,16899.070,,
2008 - Sep,14803.000,16695.911,,
2008 - Oct,14695.066,16566.159,,
2008 - Nov,14697.704,16584.909,,
2008 - Dec,14431.857,16306.125,,
2009 - Jan,14478.767,16348.116,,
2009 - Feb,14445.017,16292.374,,
2009 - Mar,14368.923,16255.034,,
2009 - Apr,14362.028,16255.918,,
2009 - May,14373.125,16273.501,,
2009 - Jun,14408.555,16278.619,,
2009 - Jul,14378.933,16264.570,,
2009 - Aug,14478.522,16347.064,,
2009 - Sep,14489.191,16367.946,,
2009 - Oct,14691.766,16568.240,,
2009 - Nov,14667.872,16515.557,,
2009 - Dec,14594.109,16425.201,,
2010 - Jan,14707.483,16526.249,,
2010 - Feb,14736.533,16562.371,,
2010 - Mar,14849.814,16659.955,,
2010 - Apr,14946.924,16726.005,,
2010 - May,14955.775,16713.426,,
2010 - Jun,15037.880,16790.684,,
2010 - Jul,15116.157,16870.967,,
2010 - Aug,15102.956,16828.872,,
2010 - Sep,15205.708,16917.542,,
2010 - Oct,15279.235,16956.291,,
2010 - Nov,15264.994,16904.931,,
2010 - Dec,15384.193,17022.041,,
2011 - Jan,15256.328,16863.407,,
2011 - Feb,15281.425,16839.578,,
2011 - Mar,15516.591,17059.509,,
2011 - Apr,15583.790,17096.689,,
2011 - May,15567.462,17038.074,,
2011 - Jun,15521.365,16971.280,,
2011 - Jul,15622.779,17032.749,,
2011 - Aug,15721.035,17102.426,,
2011 - Sep,15599.226,16959.471,,
2011 - Oct,15851.138,17249.194,,
2011 - Nov,15842.317,17209.170,,
2011 - Dec,15833.322,17210.176,,
2012 - Jan,15933.484,17262.709,,
2012 - Feb,16214.362,17513.867,,
2012 - Mar,16058.569,17325.031,,
2012 - Apr,16179.040,17411.990,,
2012 - May,16226.202,17478.186,,
2012 - Jun,16216.103,17444.026,,
2012 - Jul,16324.420,17523.452,,
2012 - Aug,16276.701,17417.577,,
2012 - Sep,16357.502,17468.591,,
2012 - Oct,16345.012,17415.837,,
2012 - Nov,16409.920,17490.135,,
2012 - Dec,16506.324,17564.298,,
2013 - Jan,16683.644,17725.481,,
2013 - Feb,16603.753,17602.176,,
2013 - Mar,16657.170,17660.217,,
2013 - Apr,16677.647,17693.754,,
2013 - May,16670.943,17656.208,,
2013 - Jun,16837.472,17779.672,,
2013 - Jul,16873.523,17795.256,,
2013 - Aug,16988.333,17896.593,,
2013 - Sep,16999.657,17890.111,,
2013 - Oct,17115.128,17982.588,,
2013 - Nov,17222.834,18055.923,,
2013 - Dec,17238.094,18010.459,,
2014 - Jan,17116.678,17877.955,,
2014 - Feb,17213.878,17985.096,,
2014 - Mar,17262.658,17999.402,,
2014 - Apr,17402.425,18107.213,,
2014 - May,17543.385,18200.696,,
2014 - Jun,17609.714,18250.373,,
2014 - Jul,17755.221,18369.764,,
2014 - Aug,17861.019,18466.734,,
2014 - Sep,17796.444,18384.912,,
2014 - Oct,17906.724,18495.721,,
2014 - Nov,17917.319,18500.297,,
2014 - Dec,17912.194,18504.592,,
2015 - Jan,18003.395,18652.755,,
2015 - Feb,18123.901,18730.936,,
2015 - Mar,18063.291,18616.632,,
2015 - Apr,18240.872,18782.366,,
2015 - May,18258.843,18751.245,,
2015 - Jun,18339.636,18813.468,,
2015 - Jul,18370.978,18823.478,,
2015 - Aug,18375.076,18826.606,,
2015 - Sep,18458.824,18922.507,,
2015 - Oct,18470.995,18919.185,,
2015 - Nov,18388.664,18838.432,,
2015 - Dec,18445.752,18919.213,,
2016 - Jan,18494.319,18980.056,,
2016 - Feb,18467.089,18956.366,,
2016 - Mar,18616.391,19068.930,,
2016 - Apr,18692.563,19079.761,,
2016 - May,18695.098,19049.842,,
2016 - Jun,18747.445,19058.738,,
2016 - Jul,18794.891,19115.681,,
2016 - Aug,18878.947,19193.041,,
2016 - Sep,19004.078,19285.135,,
2016 - Oct,18981.657,19217.198,,
2016 - Nov,19104.269,19330.568,,
2016 - Dec,19182.211,19365.316,,
2017 - Jan,19224.135,19351.815,,
2017 - Feb,19261.267,19374.416,,
2017 - Mar,19354.850,19468.848,,
2017 - Apr,19322.802,19396.259,,
2017 - May,19440.018,19515.765,,
2017 - Jun,19553.110,19608.872,,
2017 - Jul,19588.536,19608.977,,
2017 - Aug,19659.688,19631.999,,
2017 - Sep,19829.561,19741.289,,
2017 - Oct,19878.927,19756.977,,
2017 - Nov,20067.941,19912.392,,
2017 - Dec,20164.396,19977.615,,
2018 - Jan,20255.701,20005.832,,
2018 - Feb,20381.379,20093.592,,
2018 - Mar,20348.580,20032.774,,
2018 - Apr ,20468.610,20084.996,,
2018 - May,20621.228,20183.258,,
2018 - Jun,20652.898,20183.179,,
2018 - Jul,20752.209,20258.869,,
2018 - Aug,20812.486,20293.277,,
2018 - Sep,20831.495,20276.345,,
2018 - Oct,20888.611,20282.077,,
2018 - Nov,20913.330,20303.349,,
2018 - Dec,20951.660,20329.221,,
2019 - Jan,21090.263,20445.531,,
2019 - Feb,21076.521,20391.799,,
2019 - Mar,21168.017,20457.633,,
2019 - Apr,21311.061,20529.623,,
2019 - May,21369.433,20574.646,,
2019 - Jun,21513.320,20702.609,,
2019 - Jul,21679.464,20812.615,,
2019 - Aug,21711.295,20839.851,,
2019 - Sep,21760.754,20877.519,,
2019 - Oct,21804.395,20897.674,,
2019 - Nov,21969.646,21027.975,,
2019 - Dec,22025.610,21030.900,,
2020 - Jan,22080.527,21015.050,,
2020 - Feb,22125.902,21063.728,,
2020 - Mar,21047.286,20049.831,,
2020 - Apr,19024.896,18243.285,,
2020 - May,19899.893,19041.237,,
2020 - Jun,20950.084,19952.031,,
2020 - Jul,21484.841,20378.335,,
2020 - Aug,21682.848,20538.396,,
2020 - Sep,21945.622,20764.225,,
2020 - Oct,22102.802,20872.279,,
2020 - Nov,21956.544,20684.439,,
2020 - Dec,22202.134,20822.881,,
2021 - Jan,22619.466,21111.224,,
2021 - Feb,22405.013,20838.792,,
2021 - Mar,23017.600,21300.601,,
2021 - Apr,23235.506,21403.522,,
2021 - May,23423.431,21437.728,,
2021 - June,23618.793,21485.441,,
2021 - July,23845.260,21595.403,,
2021 - Aug,23954.124,21568.599,,
2021 - Sep,24147.753,21693.139,,
2021 - Oct,24624.934,21945.236,,
2021 - Nov,24740.407,21896.835,,
2021 - Dec,25075.459,22128.203,,
2022 - Jan,25016.477,21895.942,,
2022 - Feb,25157.069,21869.746,,
2022 - Mar,25577.495,22036.532,,
2022 - Apr,25641.227,21992.251,,
2022 - May,25851.111,21966.935,,
2022 - Jun,26091.538,21946.157,,
2022 - Jul,26150.686,22043.934,,
2022 - Aug,26429.799,22195.124,,
2022 - Sep,26428.428,22142.153,,
2022 - Oct,26685.623,22231.721,,
2022 - Nov,26814.726,22278.588,,
2022 - Dec,26811.192,22329.142,,
2023 - Jan,27122.512,22427.945,,
2023 - Feb,27144.571,22361.526,,
2023 - Mar,27382.252,22533.290,,
2023 - Apr,27426.045,22514.546,,
2023 - May,27488.557,22574.506,,
2023 - Jun,27675.563,22656.121,,
2023 - Jul,27837.534,22746.373,,
2023 - Aug,28121.393,22871.276,,
2023 - Sep,28265.611,22909.058,,
2023 - Oct,28201.767,22848.946,,
2023 - Nov,28370.364,22992.392,,
2023 - Dec,28702.035,23263.328,,
2024 - Jan,28419.348,22928.962,,
2024 - Feb,28815.771,23164.252,,
2024 - Mar,28889.365,23156.455,,
2024 - Apr,29022.573,23187.822,,
2024 - May,29177.078,23334.121,,
2024 - Jun,29241.481,23340.882,,
2024 - Jul,29496.528,23497.297,,
2024 - Aug,29518.263,23495.795,,
2024 - Sep,29520.201,23445.903,,
2024 - Oct,29760.249,23552.618,,
2024 - Nov,29861.588,23636.718,,
2024 - Dec,29853.709,23573.701,,
2025 - Jan,29975.930,23553.617,,
2025 - Feb,30008.322,23503.213,,
2025 - Mar,30142.087,23590.860,,
2025 - Apr,30387.259,23760.058,,
2025 - May,30343.939,23672.172,,
2025 - Jun,30725.988,23883.267,,
2025 - Jul,30979.836,24008.829,,
2025 - Aug,31073.838,24013.921,,
2025 - Sep,31240.407,24060.133,,
2025 - Oct,31517.028,24183.512,,
2025 - Nov,31281.282,23950.092,,
2025 - Dec,31469.268,24035.968,,
2026 - Jan,31534.687,24046.171,,
2026 - Feb,31808.191,24150.254,,
2026 - Mar,32254.006,24347.543,,
2026 - Apr,32376.515,24303.037,,
2026 - May,32416.169,24200.385,,
2026 - Jun,32592.996,24318.669,,
