Date,            Compensation of employees,Domestic industries,    Private industries,"        Agriculture, forestry, fishing, and hunting",            Farms1,"            Forestry, fishing, and related activities",        Mining,            Oil and gas extraction,"            Mining, except oil and gas",            Support activities for mining,        Utilities,        Construction,        Manufacturing,            Durable goods,                Wood products,                Nonmetallic mineral products,                Primary metals,                Fabricated metal products,                Machinery,                Computer and electronic products,"                Electrical equipment, appliances, and components","                Motor vehicles, bodies and trailers, and parts",                Other transportation equipment,                Furniture and related products,                Miscellaneous manufacturing,            Nondurable goods,                Food and beverage and tobacco products,                Textile mills and textile product mills,                Apparel and leather and allied products,                Paper products,                Printing and related support activities,                Petroleum and coal products,                Chemical products,                Plastics and rubber products,        Wholesale trade,            Durable goods,            Nondurable goods,        Retail trade,            Motor vehicle and parts dealers,            Food and beverage stores,            General merchandise stores,            Other retail2,        Transportation and warehousing,            Air transportation,            Rail transportation,            Water transportation,            Truck transportation,            Transit and ground passenger transportation,            Pipeline transportation,            Other transportation and support activities3,            Warehousing and storage,        Information,            Publishing industries (includes software),            Motion picture and sound recording industries,            Broadcasting and telecommunications,            Information and data processing services,        Finance and insurance,"            Federal Reserve banks, credit intermediation, and related activities","            Securities, commodity contracts, and investments",            Insurance carriers and related activities,"            Funds, trusts, and other financial vehicles",        Real estate and rental and leasing,            Real estate,            Rental and leasing services and lessors of intangible assets4,"        Professional, scientific, and technical services",            Legal services,            Computer systems design and related services,"            Miscellaneous professional, scientific, and technical services5",        Management of companies and enterprises6,        Administrative and waste management services,            Administrative and support services,            Waste management and remediation services,        Educational services,        Health care and social assistance,            Ambulatory health care services,            Hospitals,            Nursing and residential care facilities,            Social assistance,"        Arts, entertainment, and recreation","            Performing arts, spectator sports, museums, and related activities","            Amusements, gambling, and recreation industries",        Accommodation and food services,            Accommodation,            Food services and drinking places,"        Other services, except government",    Government,        Federal,            General government,                Civilian,                Military7,            Government enterprises,        State and local,            General government,                Education,                Other8
1998,1.212722067,1.212490197,1.189980045,1.149461345,1.142038658,1.163590604,1.214684865,1.199145133,1.258139535,1.174220787,1.236989408,1.196946688,1.225262543,1.226064898,1.208412098,1.210766282,1.218356285,1.21065245,1.190787906,1.197734055,1.317474454,1.249733154,1.255977673,1.196589374,1.335867095,1.223722189,1.230493638,1.197919676,1.205814584,1.204100125,1.178759127,1.447236181,1.245761452,1.20109743,1.193263539,1.194028661,1.191994854,1.201416997,1.190097622,1.222689823,1.210432183,1.196268077,1.24034759,1.285813469,1.294173303,1.271434546,1.201010693,1.151556834,1.150145302,1.244114286,1.287005887,1.1778141,1.181807412,1.165120369,1.180931699,1.167644867,1.192321698,1.187891159,1.18892352,1.199816926,1.188916877,1.160135031,1.164779937,1.149801806,1.165954176,1.180425547,1.158948038,1.164231425,1.131956183,1.143876651,1.14295143,1.155497382,1.178117048,1.184055091,1.185934785,1.190483458,1.167241666,1.173744912,1.157753808,1.150330984,1.164421002,1.130459388,1.13450118,1.128901063,1.16962095,1.324345905,1.310501364,1.30948254,1.323774409,1.28624556,1.314387788,1.329085964,1.329608318,1.332211512,1.326661378
1999,1.21192725,1.211583149,1.186978649,1.187653625,1.163213557,1.233348751,1.215293789,1.214489615,1.24286886,1.176007473,1.316041946,1.192571448,1.232946817,1.234084164,1.21583338,1.217199504,1.226304482,1.21962542,1.201744407,1.201820544,1.325530194,1.254672214,1.274366155,1.203933418,1.345246199,1.230717614,1.233713818,1.203067377,1.219184123,1.212860639,1.186591444,1.454198975,1.254617698,1.205265285,1.164280459,1.164328916,1.164187112,1.180472538,1.166298726,1.204137459,1.19441596,1.174694962,1.239273522,1.316621564,1.340655015,1.310624493,1.239305668,1.191779227,1.19267763,1.193005319,1.150668608,1.172478778,1.173468867,1.169564956,1.178230578,1.154920567,1.184295756,1.180935825,1.176841872,1.194760735,1.176608187,1.168497114,1.171558763,1.161585839,1.149291754,1.167130258,1.137985175,1.148713395,1.127324507,1.12960775,1.128947452,1.138012554,1.183245627,1.197645255,1.200334259,1.204791649,1.180587353,1.181721314,1.14700189,1.138179029,1.155167059,1.158796466,1.163284758,1.157041023,1.164802103,1.336704072,1.316571852,1.314698217,1.333211485,1.284597651,1.323814827,1.343418446,1.343991406,1.346530363,1.341110244
2000,1.211857293,1.211528982,1.187188213,1.166055365,1.157631114,1.181950509,1.212709323,1.223036074,1.238855308,1.165014078,1.308439951,1.198505637,1.232268171,1.234388999,1.214492912,1.215482245,1.229840294,1.223622576,1.205273919,1.19404855,1.33211228,1.264404054,1.280086251,1.206616572,1.347855905,1.227967862,1.225525459,1.194247554,1.216025739,1.213138686,1.187637075,1.471392539,1.251294769,1.205827799,1.160575106,1.160355369,1.160936085,1.174351864,1.155772918,1.194589704,1.201092802,1.168052179,1.240946508,1.295121632,1.329926541,1.300796813,1.223839154,1.181121874,1.157832744,1.219521307,1.220396947,1.152896513,1.15947766,1.154856237,1.158822651,1.126791592,1.180463367,1.180875445,1.167131056,1.194754744,1.166488794,1.163928387,1.166346523,1.158583599,1.146060624,1.165379246,1.133615676,1.146091949,1.222651169,1.15522768,1.15451755,1.165303176,1.168246445,1.191745922,1.193709368,1.199650637,1.174830942,1.177498195,1.151152131,1.14212891,1.159557344,1.153809665,1.156253617,1.152828173,1.170170013,1.33803077,1.314465506,1.312477309,1.329438767,1.284299517,1.321993127,1.345888074,1.346495977,1.349035621,1.343582745
2001,1.218973138,1.218620538,1.191964453,1.188558196,1.162509069,1.243856108,1.196183514,1.211358364,1.223906813,1.14778626,1.355598028,1.194855546,1.236230925,1.231573453,1.237038312,1.234248255,1.227135328,1.214955333,1.200083288,1.190930391,1.326958749,1.253931355,1.272891641,1.19763796,1.344764304,1.245405873,1.228695057,1.199366065,1.22629292,1.226170333,1.20733209,1.555956214,1.275937399,1.22424376,1.157819995,1.158290133,1.157056502,1.176480554,1.160557894,1.197459949,1.197881909,1.170290301,1.241203781,1.269780019,1.343184609,1.285970578,1.239942471,1.19739479,1.151886792,1.220262022,1.203554601,1.164582067,1.174277787,1.168369475,1.174689121,1.124312875,1.188244713,1.185993508,1.1779987,1.201750252,1.176352705,1.155404637,1.158069985,1.149363072,1.156827718,1.175658229,1.143548239,1.156844865,1.253475784,1.160368807,1.159284072,1.175347089,1.158605436,1.196919667,1.203561454,1.197317723,1.177428748,1.191063382,1.143767761,1.136437842,1.150630493,1.165045394,1.167704298,1.164032228,1.177647614,1.352862172,1.32711039,1.323898543,1.350512599,1.282438586,1.339897175,1.361119769,1.361365484,1.364263724,1.358047594
2002,1.228043996,1.227667894,1.20012466,1.193541085,1.160683379,1.262012798,1.165916797,1.181121312,1.184283661,1.125748503,1.37034251,1.193770414,1.245846824,1.245900494,1.237799621,1.237071026,1.246290549,1.226442586,1.213046435,1.214030723,1.344619221,1.269258546,1.272820693,1.210549001,1.343419336,1.245750177,1.23396046,1.194531356,1.216489921,1.230653788,1.209650582,1.438724549,1.28506552,1.225815639,1.165125014,1.165286265,1.164876487,1.192883353,1.171993701,1.213701769,1.220040542,1.186999597,1.248630622,1.30949552,1.341184331,1.264796442,1.25367293,1.205635948,1.153705398,1.21785369,1.17186433,1.187378817,1.182074077,1.184554974,1.21000397,1.138150146,1.195891919,1.19317248,1.191225717,1.203013247,1.219938335,1.189276887,1.190215379,1.186996875,1.16635468,1.182704324,1.151934311,1.166617515,1.246945913,1.161751878,1.161030093,1.171455939,1.182903407,1.204408417,1.209089556,1.202618845,1.195761581,1.200628994,1.166270513,1.156881128,1.175219534,1.161034694,1.156771196,1.162578984,1.182827581,1.358027464,1.337193147,1.336290541,1.356788517,1.305602621,1.341133491,1.364936277,1.365193367,1.368194426,1.361767547
2003,1.236526542,1.236127197,1.206379059,1.19677029,1.165813133,1.258260968,1.18952091,1.196477084,1.216381656,1.152194506,1.343869002,1.205429932,1.257511016,1.255197075,1.250934606,1.247268351,1.242227923,1.235774818,1.223996293,1.217496873,1.357524379,1.276031998,1.291730959,1.220602686,1.357686454,1.261804031,1.254861706,1.218883809,1.234162317,1.242494046,1.219585245,1.527749874,1.287748854,1.237861759,1.162870596,1.162642751,1.163213465,1.212045829,1.192814842,1.233024348,1.232649679,1.207098215,1.256620036,1.339744253,1.33390397,1.268641811,1.258829933,1.220824896,1.1660401,1.227007702,1.16860061,1.224294697,1.217034285,1.21541653,1.249295724,1.175979095,1.17839348,1.171635933,1.177695031,1.18655775,1.20696143,1.159391885,1.159443068,1.159262716,1.165455366,1.181324676,1.152575786,1.164989133,1.266741744,1.17416621,1.173614388,1.181547408,1.185799427,1.214344194,1.21891393,1.210694162,1.210064401,1.212134622,1.16687631,1.157044737,1.176396848,1.176539419,1.174110435,1.177373408,1.175952043,1.373905851,1.365804089,1.367077748,1.353505847,1.386820598,1.359547461,1.376721124,1.376996668,1.380125449,1.373414197
2004,1.239526037,1.239093236,1.207168803,1.242771277,1.170148781,1.392841554,1.197139232,1.204422452,1.222323131,1.162519802,1.356620337,1.206708468,1.260932377,1.262113848,1.240790176,1.238850991,1.247478311,1.234828243,1.226069594,1.223389134,1.368900393,1.276730086,1.341716118,1.225729821,1.368451549,1.258683236,1.261635341,1.224117473,1.236426045,1.235686383,1.209924665,1.492316855,1.283788449,1.22425187,1.162264323,1.16238868,1.162076539,1.209012499,1.188144942,1.232220659,1.236790571,1.202073466,1.256526636,1.328271473,1.31054175,1.27333536,1.23978525,1.214704421,1.170547514,1.240167909,1.231480137,1.224567704,1.22788745,1.21709996,1.24626428,1.167833218,1.178068087,1.172563692,1.173171118,1.188552895,1.204081633,1.167464467,1.166796782,1.169157097,1.159118934,1.17574787,1.148425457,1.157778946,1.246751771,1.163936311,1.163544661,1.169134737,1.207751864,1.22249329,1.226558019,1.219140476,1.219101289,1.220062501,1.171342177,1.160458657,1.181833785,1.184887505,1.180869378,1.18630362,1.180276785,1.389221695,1.369574437,1.368256642,1.355773605,1.386411965,1.37606716,1.396213898,1.396490731,1.399623405,1.392918075
2005,1.241545678,1.241053776,1.208564346,1.206581926,1.158290401,1.301217248,1.17187694,1.181899395,1.199549512,1.137104995,1.339426335,1.2052042,1.261808641,1.26135698,1.256542647,1.247632534,1.253562533,1.238405841,1.231842891,1.211310811,1.390745256,1.289517357,1.291482964,1.228083867,1.394501903,1.262682051,1.258247293,1.220732377,1.237121295,1.241879833,1.219875916,1.483693257,1.283817691,1.243713018,1.16827906,1.168386561,1.168122729,1.216297549,1.193031207,1.242191845,1.24531619,1.209188017,1.260677643,1.346131172,1.304575925,1.288514633,1.241884353,1.219930942,1.18124804,1.239975218,1.246778235,1.222028237,1.22233003,1.210497648,1.248303041,1.163861186,1.190931287,1.185319408,1.185949694,1.201951566,1.215417867,1.163234452,1.16294331,1.164069117,1.168624214,1.182604315,1.168784251,1.164587573,1.206587197,1.179478485,1.17922698,1.182893255,1.199465313,1.226240712,1.225824154,1.220715052,1.219218576,1.261618777,1.163083778,1.151935338,1.173683336,1.179080858,1.174298345,1.180746182,1.175707011,1.395474721,1.375037972,1.373058964,1.357126394,1.395885616,1.385369426,1.402867983,1.403143344,1.406272603,1.399560447
2006,1.234934508,1.234486228,1.201296716,1.229206431,1.166382434,1.326253396,1.189415914,1.201541027,1.219204581,1.155571964,1.396476983,1.188044962,1.253569166,1.248884294,1.24363217,1.234137698,1.242732784,1.224022018,1.221979106,1.200098133,1.382519398,1.278335311,1.270838903,1.216703029,1.386439147,1.262994918,1.254894078,1.213622545,1.228372927,1.23117449,1.208461651,1.609175258,1.284051589,1.23370056,1.158768709,1.159394197,1.157806343,1.208638252,1.186631445,1.230899217,1.237390975,1.202115353,1.242598608,1.351261182,1.298195697,1.29122273,1.235503255,1.211744726,1.175833333,1.207204849,1.193005884,1.203197694,1.203323081,1.199721475,1.227718565,1.147890898,1.181442664,1.177601624,1.17300005,1.194452781,1.200666667,1.141539534,1.141090573,1.142766973,1.168740259,1.184313636,1.16526772,1.16567508,1.2189426,1.176952612,1.17672693,1.179970458,1.199605498,1.224277592,1.22900623,1.221791609,1.218476263,1.218095855,1.162522866,1.149403266,1.175987107,1.161417813,1.159780207,1.161969245,1.164684282,1.395981147,1.379476609,1.377464591,1.362927419,1.398115168,1.390072885,1.401859382,1.402215287,1.406312216,1.39748668
2007,1.231706093,1.231312327,1.197608419,1.229325962,1.191927745,1.291777813,1.164988482,1.186039183,1.206469323,1.119943688,1.367238128,1.190026451,1.256456073,1.2527254,1.256481235,1.246232,1.250028849,1.22000988,1.222031997,1.201040461,1.379115752,1.283611957,1.287836965,1.222810716,1.391579858,1.26392425,1.258237411,1.237821612,1.246139448,1.237956204,1.212635944,1.473418668,1.28476841,1.241660807,1.155106764,1.155448896,1.154582857,1.20640332,1.188095473,1.228182597,1.230332292,1.199779556,1.247925139,1.343341861,1.294864048,1.26723948,1.241975109,1.207164583,1.165189562,1.220699017,1.208745747,1.215033701,1.210165732,1.220683587,1.229135834,1.178935412,1.173009881,1.177430838,1.153520361,1.190802943,1.223853211,1.15040763,1.151161479,1.148432502,1.159403205,1.185627,1.151027293,1.155373034,1.205271263,1.16467058,1.164143933,1.172112052,1.194804425,1.214437477,1.218982905,1.213034103,1.208296693,1.205293302,1.160121119,1.147111833,1.173653799,1.166917031,1.166703581,1.166996466,1.170067648,1.39599318,1.377762626,1.374843324,1.359964514,1.39614822,1.393723122,1.402399811,1.402666506,1.405723568,1.399148379
2008,1.233043903,1.232621733,1.198699653,1.230665888,1.215218626,1.255569118,1.160829574,1.175221772,1.217944263,1.114808917,1.378877078,1.191156933,1.259412224,1.254209588,1.274603937,1.249055755,1.260193952,1.215922069,1.22106698,1.209134048,1.34006164,1.295054297,1.282527462,1.226505891,1.392990397,1.269656564,1.246610071,1.251044084,1.264947954,1.246446255,1.223558422,1.505848761,1.297530439,1.244792478,1.157366353,1.158029213,1.156371404,1.208727755,1.188505777,1.239621771,1.23498307,1.198318781,1.234533382,1.313794638,1.285651325,1.261672546,1.233162326,1.203192093,1.174329973,1.203575851,1.201073694,1.204349796,1.207737633,1.211755269,1.214401415,1.162920299,1.183542823,1.189702977,1.161715253,1.202184712,1.227356747,1.153073595,1.153067388,1.153090102,1.160575415,1.185502182,1.15015606,1.157808126,1.197334792,1.177707534,1.177338037,1.182758808,1.191421573,1.214872417,1.217258311,1.21272045,1.220016912,1.20393318,1.155794453,1.14035971,1.172017405,1.160542911,1.155666537,1.162260258,1.175032301,1.392826513,1.381505191,1.378338841,1.365280009,1.396691707,1.400251819,1.396787895,1.397049075,1.400047287,1.393616323
2009,1.241619847,1.24130449,1.205481126,1.256845857,1.206004965,1.344830385,1.176954283,1.193622814,1.203969626,1.140871131,1.369620461,1.199937454,1.2643848,1.263748008,1.244449531,1.228310255,1.266237942,1.236254008,1.242384529,1.210842759,1.393988191,1.281345157,1.29266735,1.225050142,1.41964548,1.265546628,1.254022264,1.217308554,1.230118928,1.226237133,1.197968874,1.555209219,1.295533808,1.22621587,1.159872885,1.158823845,1.161366428,1.205227446,1.165568258,1.222653961,1.264327539,1.193415198,1.252420679,1.297827688,1.292272852,1.276273023,1.259593973,1.21083704,1.175484798,1.223300582,1.25162413,1.243888205,1.246582553,1.255758427,1.266826353,1.166238544,1.17768016,1.175285896,1.16733747,1.189701056,1.229571984,1.18356837,1.185138263,1.179322306,1.165749262,1.1864982,1.156094157,1.163803033,1.199480864,1.193071493,1.192619045,1.198785357,1.22873429,1.218109629,1.211418048,1.222166106,1.231300575,1.217772174,1.171391945,1.156928742,1.186945089,1.160605264,1.15615755,1.162073587,1.183607102,1.396216718,1.388719493,1.386530657,1.371469068,1.408047522,1.403134111,1.398929088,1.399192958,1.402220453,1.395715902
2010,1.243680904,1.243390631,1.202806471,1.229269453,1.196579933,1.278942639,1.172478091,1.188119238,1.204999282,1.13515121,1.382910875,1.206465357,1.258172405,1.250309591,1.246481642,1.23480281,1.239386902,1.213806417,1.229954837,1.191616882,1.399894525,1.259608901,1.298097004,1.208936848,1.407068273,1.272698824,1.263249162,1.216989535,1.227705374,1.227962105,1.2062581,1.554200926,1.307620945,1.227864893,1.162313112,1.159880165,1.165762348,1.200995574,1.171254526,1.231887845,1.233758904,1.190475951,1.255711757,1.320291206,1.295872526,1.279923192,1.263732233,1.221013342,1.181676326,1.219632337,1.243412798,1.217385555,1.212139069,1.22503288,1.245164047,1.150320589,1.181026616,1.177056809,1.174626491,1.191058063,1.301401869,1.179517196,1.180069876,1.177982833,1.15527018,1.171287406,1.145215125,1.154963071,1.219947695,1.201271394,1.179855232,1.468700434,1.225895572,1.217313507,1.210006915,1.215524482,1.245277426,1.223779921,1.165418942,1.144970915,1.187557322,1.158596043,1.157379045,1.158991445,1.16332853,1.420181267,1.39847681,1.397033168,1.370769609,1.437460368,1.408830846,1.428446896,1.428714697,1.431723839,1.425217846
2011,1.241465296,1.241180009,1.200916353,1.234560499,1.195311287,1.288697263,1.156397217,1.172909007,1.189607843,1.122812656,1.394787891,1.200975849,1.250052419,1.241755789,1.269660289,1.240432976,1.232570693,1.215754714,1.224843276,1.185079161,1.374232028,1.247560252,1.264461451,1.20985703,1.397173277,1.266173822,1.242343448,1.207994729,1.221040012,1.234366412,1.215507946,1.502354091,1.302488056,1.242352399,1.16639126,1.163960686,1.169887779,1.206300378,1.172078009,1.232468047,1.249062398,1.196133901,1.253329797,1.310302221,1.304014691,1.281724347,1.273352377,1.225920096,1.189873418,1.214739517,1.212772962,1.216839968,1.217895972,1.228403667,1.242651225,1.147788963,1.181678428,1.182240071,1.17471815,1.187654909,1.348684211,1.157234209,1.157276507,1.157165495,1.160851454,1.186343864,1.145262654,1.160666884,1.181877794,1.189631026,1.189558371,1.190497991,1.228857322,1.221179674,1.211864135,1.227730035,1.237369241,1.221970229,1.164973059,1.149069518,1.182232278,1.160449329,1.16073943,1.160361996,1.164714128,1.424467151,1.411598878,1.410345584,1.386169055,1.448273131,1.420785614,1.429411676,1.429672633,1.432612181,1.426259713
2012,1.236606475,1.236333127,1.197590759,1.240367493,1.191948118,1.317091055,1.176638029,1.196401697,1.211608687,1.141624081,1.324473135,1.20140396,1.250158495,1.241349918,1.253839205,1.234163851,1.231849747,1.217461666,1.228613118,1.186358808,1.371274995,1.254264592,1.264305033,1.209253564,1.375569112,1.267555599,1.252600297,1.217372326,1.236674743,1.229077865,1.211666035,1.505785678,1.295558317,1.238185855,1.163250264,1.160991831,1.166511374,1.196025885,1.170923379,1.231135019,1.218651143,1.186795331,1.251500879,1.314508813,1.288288288,1.270647538,1.265002331,1.228075212,1.18345891,1.217250254,1.220188518,1.210975506,1.213807424,1.216439455,1.241151108,1.140617026,1.173829129,1.170258645,1.17132422,1.179213945,1.442896936,1.163120495,1.162228947,1.165572268,1.153736454,1.18164794,1.135691284,1.15455457,1.173509454,1.184462515,1.183919245,1.191597551,1.247250837,1.218686565,1.209099183,1.225802376,1.236827425,1.21699573,1.16632349,1.151261599,1.182587359,1.168875871,1.167019027,1.169458182,1.168751688,1.421841946,1.419808556,1.418399262,1.396431144,1.452952564,1.430170304,1.42260705,1.422876124,1.425947036,1.41932506
2013,1.241923876,1.241631805,1.199623913,1.234729362,1.207043083,1.276074391,1.175148271,1.196892043,1.210512586,1.139536259,1.36485194,1.203809873,1.248875201,1.237465044,1.24830843,1.227119853,1.228079249,1.212449975,1.225891623,1.18119469,1.374048025,1.248763132,1.258549629,1.207422402,1.36783541,1.271305689,1.266415277,1.229139923,1.250801404,1.223662817,1.202108049,1.551781691,1.291872386,1.230405115,1.163603609,1.161660306,1.166424339,1.205973273,1.181111754,1.243714494,1.223361041,1.197958163,1.249647185,1.299849125,1.303624193,1.293762955,1.279353608,1.235318763,1.202729045,1.207660126,1.188851561,1.19836104,1.212216886,1.217852607,1.231847106,1.11904889,1.175828669,1.170509277,1.174799506,1.181945643,1.258064516,1.161549958,1.160845625,1.163551753,1.157671692,1.186159933,1.139479974,1.158470543,1.187551824,1.185540368,1.184873375,1.194625963,1.236255061,1.225501063,1.217928325,1.231244172,1.236881112,1.227866929,1.176142771,1.168961677,1.183861138,1.162826813,1.16041257,1.16357237,1.165389952,1.447308209,1.420507603,1.417627578,1.408701055,1.43161288,1.441668404,1.456982778,1.457255484,1.460411773,1.45359329
2014,1.237265547,1.236966285,1.195207075,1.242679864,1.203945736,1.298295623,1.164526938,1.189850421,1.202528346,1.127608701,1.364920306,1.209818692,1.246696571,1.231393882,1.244555791,1.230064293,1.220509281,1.203071952,1.216967993,1.176049012,1.362076658,1.2464371,1.251202539,1.200872242,1.37036621,1.276999733,1.283582855,1.240858669,1.259025271,1.223655561,1.202173812,1.571346138,1.288358597,1.231124627,1.164601257,1.161839973,1.16858886,1.196203517,1.16848815,1.232546685,1.223595947,1.18696187,1.22488609,1.29375437,1.273897261,1.249912496,1.253223222,1.206762534,1.186180769,1.180536429,1.158981544,1.203279479,1.217965819,1.220590456,1.238056385,1.125792416,1.170096345,1.172293738,1.159249602,1.17837631,1.213483146,1.157321172,1.156899952,1.158510117,1.152372213,1.182660477,1.134627536,1.153028615,1.165342264,1.19102239,1.190471181,1.198593374,1.255409422,1.217204169,1.208249329,1.22506305,1.226787224,1.221510983,1.172594802,1.160446281,1.185723294,1.163434934,1.168096705,1.162024758,1.160336315,1.447934798,1.41957606,1.415384939,1.410308826,1.423733052,1.4506969,1.458000007,1.458284476,1.461604484,1.454463816
2015,1.234104105,1.233803018,1.192508375,1.240649051,1.199620778,1.292013908,1.175732057,1.191454093,1.216234422,1.139480367,1.351532984,1.204265178,1.246956716,1.240820178,1.235514697,1.219160814,1.231116473,1.212361866,1.231289509,1.184583847,1.383078028,1.250044705,1.259308425,1.219302465,1.388546682,1.258964348,1.249728267,1.204470282,1.224202486,1.211337723,1.190722357,1.566155549,1.280792322,1.220202247,1.162259824,1.159193335,1.166702929,1.190653313,1.157381045,1.239622818,1.226698713,1.177461727,1.234316062,1.30043218,1.293847468,1.255917667,1.260500288,1.211852486,1.194783481,1.192005393,1.173243295,1.193105875,1.209829967,1.213422629,1.230356714,1.118991265,1.171040791,1.171743148,1.160438013,1.180087179,1.186243386,1.166322561,1.164458319,1.171841033,1.151436461,1.17695012,1.137307746,1.15196325,1.161583175,1.178175749,1.179361593,1.161769201,1.251574465,1.211480514,1.20052252,1.221296639,1.225152552,1.213830546,1.160512573,1.148860336,1.173284154,1.163464952,1.164862028,1.163053277,1.161119129,1.44723756,1.41926445,1.415431097,1.411056774,1.422964133,1.446432067,1.457017059,1.457304963,1.460695258,1.453415646
2016,1.231715934,1.231401687,1.190677251,1.240118349,1.21494936,1.271117307,1.178403088,1.183020523,1.218157484,1.147075418,1.397963389,1.192345634,1.244710716,1.239302974,1.229098552,1.21053769,1.236390268,1.211723701,1.234136262,1.181025921,1.381556583,1.24677672,1.263895246,1.203535759,1.38952427,1.255212608,1.245464433,1.201837611,1.221397181,1.210677336,1.184577746,1.539760564,1.284472694,1.212449365,1.157953889,1.15614845,1.160600741,1.188229038,1.166254993,1.229688302,1.205511314,1.178797339,1.243575072,1.285855327,1.313322959,1.271580465,1.267650922,1.210538587,1.198474548,1.206210013,1.20649341,1.172035848,1.187802836,1.194946211,1.207978735,1.104984511,1.173750384,1.172091112,1.165211675,1.183115465,1.175310446,1.16164594,1.159389864,1.16864584,1.146381629,1.170605332,1.129571032,1.148519407,1.162493989,1.167854884,1.168793447,1.154797315,1.259409331,1.216364925,1.20413239,1.22968069,1.224705838,1.219506108,1.174976093,1.163863199,1.187269689,1.15467689,1.155909144,1.154329543,1.162193116,1.442933605,1.426231653,1.419748425,1.424931534,1.410674209,1.474588638,1.448715204,1.44900961,1.452400657,1.445110791
2017,1.230100031,1.229812413,1.19093674,1.241553793,1.223513085,1.264261117,1.201246856,1.219474626,1.235055014,1.165409147,1.346304915,1.190403975,1.245360042,1.241547577,1.230637404,1.218675048,1.243550092,1.218907975,1.235610831,1.18853461,1.376344898,1.2509423,1.254802879,1.210062269,1.377788021,1.252819746,1.238981145,1.198479977,1.224759242,1.215002599,1.192246512,1.506318319,1.284593519,1.214177202,1.165323736,1.16380423,1.167562268,1.188669341,1.167090059,1.234811439,1.203143378,1.178664692,1.242452903,1.286068251,1.31025196,1.267340784,1.264535189,1.199016931,1.192018779,1.207439279,1.213729111,1.162518541,1.179897545,1.190085975,1.203108241,1.096483798,1.178205425,1.17460806,1.178801173,1.181298276,1.161308517,1.152961981,1.152066319,1.155750518,1.152296464,1.177157638,1.13428072,1.155075027,1.165134189,1.186875206,1.186411645,1.19319529,1.221641663,1.216010932,1.205174739,1.229210158,1.224641796,1.213022722,1.174272231,1.162967016,1.186942905,1.147977858,1.147846478,1.148014329,1.154996673,1.43560354,1.422659111,1.415501112,1.421637832,1.404511195,1.476930367,1.440039518,1.440330683,1.443732591,1.436428164
2018,1.231193336,1.23092652,1.192398931,1.233795262,1.196556369,1.275945869,1.200314341,1.222158509,1.247278689,1.159990955,1.358463567,1.187950582,1.246242137,1.241828113,1.227996035,1.220620358,1.243758694,1.219555422,1.237094232,1.192217799,1.371173469,1.246944071,1.251182202,1.216344341,1.37897466,1.255080579,1.238011425,1.208477842,1.239144317,1.216494445,1.199566259,1.486111111,1.289853284,1.218288284,1.172286125,1.169319888,1.176774201,1.191059107,1.17128345,1.237105919,1.203781037,1.181087381,1.240057671,1.294297134,1.312068771,1.25944929,1.257819351,1.18836793,1.208488806,1.206336449,1.210239847,1.160406351,1.176354501,1.196023278,1.210105813,1.092587559,1.181793261,1.178287067,1.184399482,1.182829625,1.18164794,1.155543611,1.154334018,1.159282511,1.153290026,1.181413682,1.132114473,1.157070433,1.165779195,1.189692808,1.189326956,1.194542864,1.226983742,1.218981476,1.210203897,1.23293793,1.22088539,1.212044645,1.175209965,1.160510508,1.192070872,1.145109149,1.147660896,1.144406119,1.157492278,1.43727539,1.426508911,1.419422841,1.424667341,1.410055383,1.480669667,1.44095756,1.441250163,1.444711422,1.437313298
2019,1.22749965,1.227210784,1.190147094,1.223926781,1.19688101,1.253413435,1.175937163,1.194891275,1.210643722,1.143413409,1.378222508,1.19269242,1.238292725,1.22924747,1.239971815,1.229796124,1.220648354,1.204114976,1.229992155,1.176891907,1.342534064,1.237182647,1.239458556,1.19952863,1.357119376,1.256334383,1.231963933,1.198644068,1.225982358,1.221975374,1.206039478,1.504163078,1.291474357,1.22637533,1.159774323,1.158006126,1.162481583,1.203081369,1.184126399,1.251618995,1.211779307,1.193313696,1.246431202,1.32053058,1.34225878,1.276294098,1.288909893,1.206020041,1.226342162,1.202712055,1.172519913,1.158425701,1.18032819,1.189472087,1.200539997,1.096061363,1.171164184,1.167385416,1.173975146,1.172577092,1.152473642,1.148057135,1.146761386,1.152170227,1.155740035,1.182394905,1.134729616,1.159987539,1.161275335,1.187318668,1.188000125,1.178297506,1.239952609,1.216494376,1.208322716,1.230254127,1.217639692,1.209054435,1.159596016,1.15120483,1.169233827,1.143224487,1.147392918,1.142086226,1.155339839,1.428755524,1.432685862,1.425633911,1.42722182,1.422827895,1.488369264,1.427430535,1.42772998,1.431234723,1.423755009
2020,1.225105064,1.224924329,1.185964228,1.249475287,1.18179711,1.326611483,1.168495911,1.166969838,1.207440579,1.144371345,1.430984881,1.189578968,1.23160056,1.220782378,1.243777202,1.229193542,1.21105154,1.197707568,1.217477204,1.167606785,1.326871871,1.23182771,1.231198586,1.19282315,1.358145048,1.252476161,1.225777325,1.185109009,1.222625091,1.221704953,1.209072881,1.488448109,1.287076486,1.229101339,1.163824793,1.162275146,1.166199955,1.195130009,1.171698647,1.239966382,1.208548019,1.185517869,1.224502345,1.298599643,1.344923689,1.274018824,1.277316914,1.194438537,1.214703783,1.178730173,1.148989899,1.138730087,1.159521883,1.17299697,1.18195274,1.083629133,1.158700404,1.155176905,1.160406995,1.161046349,1.13590604,1.147998509,1.146930184,1.151917964,1.143102711,1.169347578,1.121881264,1.147826016,1.14934513,1.183500252,1.182651352,1.194352719,1.235180494,1.227640694,1.20799226,1.23897562,1.282742259,1.221361605,1.15719307,1.147263914,1.168619871,1.149565944,1.151649584,1.149049869,1.155714242,1.432910249,1.441750459,1.435215027,1.431394133,1.442067898,1.49413237,1.429875879,1.430171042,1.433799349,1.426131637
2021,1.21728534,1.217050039,1.17981373,1.228735632,1.18740781,1.273417828,1.177369654,1.182383775,1.211574767,1.147499643,1.419552118,1.185574936,1.228159104,1.222857071,1.222068249,1.214450761,1.241936065,1.199806649,1.223336175,1.168664667,1.317614333,1.239078498,1.233162151,1.19104297,1.363935233,1.238489312,1.223220724,1.18422822,1.222594703,1.205307832,1.189279166,1.466090579,1.26898183,1.204988291,1.154828573,1.152956756,1.15774467,1.190482102,1.157585197,1.231051253,1.222753031,1.183040123,1.225696217,1.287127389,1.334755082,1.284785664,1.289821951,1.191819464,1.219476099,1.175970209,1.168104731,1.160731281,1.193645791,1.20844504,1.208676852,1.096701751,1.151728941,1.152812776,1.139762211,1.162716465,1.124515772,1.15795985,1.153653303,1.174404605,1.138608349,1.167532343,1.115987107,1.144013392,1.169288986,1.160975474,1.159513845,1.180865007,1.237690402,1.208275363,1.200948926,1.215830809,1.226174578,1.200606821,1.161985763,1.14407869,1.18145406,1.14144341,1.144604732,1.140714916,1.143875787,1.428683858,1.46051001,1.45536131,1.443288702,1.476941002,1.501599707,1.417829663,1.418127174,1.421761759,1.41406631
2022,1.207999303,1.20767479,1.174949235,1.218739204,1.193566705,1.248812802,1.168134267,1.175713711,1.203178542,1.140013271,1.369619176,1.183017709,1.22206966,1.21265236,1.209229702,1.203413989,1.226997618,1.18824228,1.207874483,1.161947617,1.308156724,1.224168514,1.222693904,1.180727462,1.35673778,1.240408442,1.235571966,1.199613117,1.229907975,1.204077373,1.18293067,1.444658257,1.265872498,1.199770966,1.149959656,1.147694032,1.153533781,1.190270846,1.15415771,1.230361085,1.230318678,1.181830976,1.219994357,1.270122652,1.327169535,1.269044006,1.27555547,1.176322826,1.210269611,1.179400678,1.170722361,1.151341965,1.149521293,1.197247124,1.197506794,1.114846172,1.153410984,1.158604414,1.140553568,1.161096887,1.119941287,1.144983374,1.140791782,1.159852044,1.141012827,1.166062002,1.122158307,1.145092101,1.163240474,1.142868858,1.141611966,1.160768051,1.225537676,1.202740927,1.193773127,1.212403474,1.228976213,1.188593534,1.154089233,1.140236384,1.169817772,1.129073519,1.141406825,1.126260378,1.153774732,1.399420503,1.467613476,1.462730716,1.45248238,1.481177414,1.506251926,1.376782273,1.377074778,1.38067242,1.373066995
2023,1.210225391,1.209878579,1.178665517,1.283826249,1.254979149,1.317453527,1.197184645,1.205707639,1.231184573,1.170373753,1.285205226,1.172230214,1.222320935,1.214897085,1.220872106,1.21480022,1.229911808,1.189269559,1.209338287,1.16442864,1.310984142,1.222475808,1.222435283,1.182620796,1.361645935,1.237099462,1.207540895,1.176377366,1.204886933,1.218316374,1.195207011,1.432145717,1.279698881,1.213145935,1.150582608,1.148675723,1.15361592,1.22061663,1.20504927,1.277286022,1.218163553,1.209702538,1.211394259,1.274463353,1.344027186,1.256714383,1.262987288,1.180665332,1.21443324,1.17489916,1.142402026,1.160295573,1.163376166,1.20856102,1.208241339,1.122218358,1.164760092,1.168665311,1.157479478,1.168365392,1.131235045,1.142449627,1.139320429,1.152877822,1.145784431,1.171250324,1.126043581,1.150143929,1.169705396,1.164373238,1.163391164,1.177093284,1.223670129,1.198232351,1.191396159,1.206859851,1.219307457,1.182934708,1.170242358,1.159058558,1.182599623,1.129544641,1.140622212,1.126982737,1.143769044,1.390224478,1.468624734,1.46304131,1.446543281,1.49391818,1.515125361,1.364161499,1.364463638,1.368034884,1.36052883
2024,,,,,,,,,,,,,,,,,,,,,,,,,,,,,,,,,,,,,,,,,,,,,,,,,,,,,,,,,,,,,,,,,,,,,,,,,,,,,,,,,,,,,,,,,,,,,,,
2025,,,,,,,,,,,,,,,,,,,,,,,,,,,,,,,,,,,,,,,,,,,,,,,,,,,,,,,,,,,,,,,,,,,,,,,,,,,,,,,,,,,,,,,,,,,,,,,
