Date,Close
11/7/2003,273.73
11/14/2003,268.63
11/21/2003,260.32
11/28/2003,272.31
12/5/2003,290.09
12/12/2003,288.95
12/19/2003,309.14
12/26/2003,310.81
1/2/2004,311.26
1/9/2004,308.95
1/16/2004,291.05
1/23/2004,293.92
1/30/2004,283.59
2/6/2004,290.59
2/13/2004,306.46
2/20/2004,304.88
2/27/2004,310.26
3/5/2004,307.71
3/12/2004,290.86
3/19/2004,288.76
3/26/2004,286.95
4/2/2004,297.43
4/8/2004,280.66
4/16/2004,281.74
4/23/2004,271.36
4/30/2004,254.96
5/7/2004,241.74
5/14/2004,247.05
5/21/2004,244.65
5/28/2004,259.72
6/4/2004,254.10
6/10/2004,258.09
6/18/2004,269.81
6/25/2004,277.86
7/2/2004,267.16
7/9/2004,269.04
7/16/2004,273.38
7/23/2004,254.46
7/30/2004,266.14
8/6/2004,248.97
8/13/2004,246.36
8/20/2004,268.21
8/27/2004,273.06
9/3/2004,272.99
9/10/2004,255.89
9/17/2004,255.12
9/24/2004,259.86
10/1/2004,282.95
10/8/2004,277.85
10/14/2004,270.85
10/22/2004,263.22
10/29/2004,270.05
11/5/2004,277.07
11/12/2004,284.83
11/19/2004,279.45
11/26/2004,287.95
12/3/2004,273.58
12/10/2004,267.33
12/17/2004,256.34
12/23/2004,261.68
12/31/2004,261.93
1/7/2005,255.84
1/14/2005,249.26
1/21/2005,241.17
1/28/2005,241.51
2/4/2005,244.84
2/11/2005,248.84
2/18/2005,259.26
2/25/2005,263.68
3/4/2005,265.10
3/11/2005,258.43
3/18/2005,264.10
3/24/2005,253.09
4/1/2005,252.34
4/8/2005,263.51
4/15/2005,244.26
4/22/2005,243.42
4/29/2005,241.92
5/6/2005,244.42
5/13/2005,222.58
5/20/2005,228.83
5/27/2005,229.00
6/3/2005,227.75
6/10/2005,225.92
6/17/2005,235.50
6/24/2005,220.58
7/1/2005,217.91
7/8/2005,226.75
7/15/2005,229.25
7/22/2005,238.50
7/29/2005,233.84
8/5/2005,231.25
8/12/2005,247.76
8/19/2005,234.25
8/26/2005,227.50
9/2/2005,224.42
9/9/2005,223.75
9/16/2005,222.41
9/23/2005,203.57
9/30/2005,203.57
10/7/2005,192.24
10/14/2005,191.49
10/21/2005,194.65
10/28/2005,200.24
11/4/2005,209.83
11/11/2005,222.41
11/18/2005,220.08
11/25/2005,227.83
12/2/2005,234.25
12/9/2005,234.67
12/16/2005,235.34
12/23/2005,245.51
12/30/2005,246.51
1/6/2006,251.84
1/13/2006,241.34
1/20/2006,240.09
1/27/2006,260.93
2/3/2006,254.93
2/10/2006,257.26
2/17/2006,253.26
2/24/2006,251.43
3/3/2006,253.43
3/10/2006,243.67
3/17/2006,251.01
3/24/2006,248.67
3/31/2006,254.76
4/7/2006,270.93
4/13/2006,281.02
4/21/2006,295.02
4/28/2006,281.60
5/5/2006,292.61
5/12/2006,290.19
5/19/2006,266.60
5/26/2006,269.27
6/2/2006,271.52
6/9/2006,251.59
6/16/2006,250.84
6/23/2006,252.80
6/30/2006,271.12
7/7/2006,280.29
7/14/2006,257.68
7/21/2006,246.85
7/28/2006,248.82
8/4/2006,247.55
8/11/2006,240.23
8/18/2006,241.39
8/25/2006,245.28
9/1/2006,245.96
9/8/2006,243.22
9/15/2006,238.66
9/22/2006,233.74
9/29/2006,238.62
10/6/2006,236.20
10/13/2006,228.18
10/20/2006,234.47
10/27/2006,241.17
11/3/2006,242.83
11/10/2006,243.12
11/17/2006,241.31
11/24/2006,261.01
12/1/2006,262.49
12/8/2006,264.80
12/15/2006,264.47
12/22/2006,249.10
12/29/2006,255.53
1/5/2007,245.38
1/12/2007,262.47
1/19/2007,267.57
1/26/2007,273.52
2/2/2007,276.92
2/9/2007,278.23
2/16/2007,297.04
2/23/2007,299.50
3/2/2007,279.23
3/9/2007,283.73
3/16/2007,286.32
3/23/2007,292.45
3/30/2007,290.55
4/5/2007,296.47
4/13/2007,300.87
4/20/2007,294.74
4/27/2007,308.17
5/4/2007,305.58
5/11/2007,326.11
5/18/2007,338.53
5/25/2007,347.70
6/1/2007,352.58
6/8/2007,337.61
6/15/2007,353.79
6/22/2007,340.57
6/29/2007,344.63
7/6/2007,354.66
7/13/2007,401.69
7/20/2007,366.16
7/27/2007,318.20
8/3/2007,307.01
8/10/2007,294.37
8/17/2007,283.47
8/24/2007,312.19
8/31/2007,310.92
9/7/2007,296.97
9/14/2007,302.37
9/21/2007,318.81
9/28/2007,332.68
10/5/2007,330.85
10/12/2007,325.18
10/19/2007,319.22
10/26/2007,335.28
11/2/2007,328.36
11/9/2007,315.56
11/16/2007,309.47
11/23/2007,299.93
11/30/2007,310.03
12/7/2007,314.78
12/14/2007,300.68
12/21/2007,310.88
12/28/2007,315.16
1/4/2008,298.08
1/11/2008,271.64
1/18/2008,248.84
1/25/2008,261.82
2/1/2008,292.00
2/8/2008,287.46
2/15/2008,304.27
2/22/2008,311.78
2/29/2008,316.65
3/7/2008,312.16
3/14/2008,326.74
3/20/2008,295.65
3/28/2008,307.58
4/4/2008,331.71
4/11/2008,299.57
4/18/2008,308.87
4/25/2008,304.14
5/2/2008,307.36
5/9/2008,331.40
5/16/2008,364.98
5/23/2008,340.79
5/30/2008,343.76
6/6/2008,332.46
6/13/2008,334.32
6/20/2008,316.46
6/27/2008,299.96
7/3/2008,276.65
7/11/2008,292.66
7/18/2008,283.41
7/25/2008,268.58
8/1/2008,271.80
8/8/2008,265.86
8/15/2008,266.17
8/22/2008,270.05
8/29/2008,269.72
9/5/2008,237.32
9/12/2008,240.28
9/19/2008,225.43
9/26/2008,197.74
10/3/2008,159.70
10/10/2008,94.73
10/17/2008,98.31
10/24/2008,78.80
10/31/2008,97.10
11/7/2008,94.65
11/14/2008,90.62
11/21/2008,68.60
11/28/2008,88.08
12/5/2008,67.04
12/12/2008,83.51
12/19/2008,80.23
12/26/2008,80.72
1/2/2009,99.94
1/9/2009,89.81
1/16/2009,78.48
1/23/2009,69.91
1/30/2009,64.37
2/6/2009,69.76
2/13/2009,62.33
2/20/2009,51.88
2/27/2009,51.36
3/6/2009,42.34
3/13/2009,46.63
3/20/2009,53.22
3/27/2009,63.45
4/3/2009,66.67
4/9/2009,72.02
4/17/2009,75.41
4/24/2009,74.48
5/1/2009,78.78
5/8/2009,81.46
5/15/2009,73.63
5/22/2009,72.24
5/29/2009,75.25
6/5/2009,89.15
6/12/2009,97.32
6/19/2009,89.56
6/26/2009,87.85
7/2/2009,80.64
7/10/2009,76.15
7/17/2009,83.51
7/24/2009,89.51
7/31/2009,95.18
8/7/2009,104.83
8/14/2009,106.81
8/21/2009,101.55
8/28/2009,100.96
9/4/2009,98.62
9/11/2009,105.11
9/18/2009,113.88
9/25/2009,105.84
10/2/2009,103.49
10/9/2009,115.12
10/16/2009,113.86
10/23/2009,111.28
10/30/2009,101.14
11/6/2009,104.99
11/13/2009,107.05
11/20/2009,106.71
11/27/2009,102.95
12/4/2009,105.58
12/11/2009,118.11
12/18/2009,117.82
12/24/2009,131.65
12/31/2009,130.01
1/8/2010,137.27
1/15/2010,126.05
1/22/2010,108.38
1/29/2010,102.95
2/5/2010,106.42
2/12/2010,107.27
2/19/2010,109.28
2/26/2010,107.15
3/5/2010,111.77
3/12/2010,109.77
3/19/2010,115.03
3/26/2010,115.25
4/1/2010,118.77
4/9/2010,116.37
4/16/2010,112.66
4/23/2010,114.40
4/30/2010,109.05
5/7/2010,97.38
5/14/2010,100.28
5/21/2010,92.27
5/28/2010,94.75
6/4/2010,88.28
6/11/2010,92.78
6/18/2010,90.83
6/25/2010,91.73
7/2/2010,81.67
7/9/2010,89.33
7/16/2010,85.21
7/23/2010,90.53
7/30/2010,91.51
8/6/2010,94.77
8/13/2010,86.88
8/20/2010,86.38
8/27/2010,84.54
9/3/2010,89.08
9/10/2010,91.51
9/17/2010,91.62
9/24/2010,99.76
10/1/2010,100.06
10/8/2010,105.28
10/15/2010,107.33
10/22/2010,104.12
10/29/2010,107.21
11/5/2010,114.19
11/12/2010,110.09
11/19/2010,109.40
11/26/2010,107.92
12/3/2010,116.25
12/10/2010,116.68
12/17/2010,118.93
12/23/2010,125.15
12/31/2010,125.37
1/7/2011,133.19
1/14/2011,129.65
1/21/2011,128.09
1/28/2011,130.86
2/4/2011,138.96
2/11/2011,140.84
2/18/2011,140.38
2/25/2011,135.29
3/4/2011,134.55
3/11/2011,130.19
3/18/2011,130.60
3/25/2011,138.47
4/1/2011,141.44
4/8/2011,144.99
4/15/2011,133.86
4/21/2011,137.46
4/29/2011,137.90
5/6/2011,138.97
5/13/2011,138.66
5/20/2011,132.21
5/27/2011,133.97
6/3/2011,129.43
6/10/2011,124.45
6/17/2011,119.99
6/24/2011,124.40
7/1/2011,133.10
7/8/2011,133.52
7/15/2011,126.49
7/22/2011,129.49
7/29/2011,120.82
8/5/2011,104.93
8/12/2011,100.42
8/19/2011,92.61
8/26/2011,97.70
9/2/2011,99.08
9/9/2011,95.53
9/14/2011,96.77
9/23/2011,83.43
9/30/2011,79.40
10/7/2011,80.42
10/14/2011,85.04
10/21/2011,84.44
10/28/2011,95.50
11/4/2011,90.31
11/11/2011,87.73
11/18/2011,80.32
11/25/2011,74.12
12/2/2011,82.23
12/9/2011,80.22
12/16/2011,73.34
12/23/2011,74.20
12/30/2011,72.48
1/6/2012,76.73
1/13/2012,81.73
1/20/2012,84.62
1/27/2012,86.81
2/3/2012,89.60
2/10/2012,85.63
2/17/2012,84.58
2/24/2012,86.68
3/2/2012,85.04
3/9/2012,81.75
3/16/2012,87.48
3/23/2012,84.09
3/30/2012,83.24
4/5/2012,80.33
4/13/2012,82.02
4/20/2012,80.89
4/27/2012,81.75
5/4/2012,78.73
5/11/2012,76.34
5/18/2012,71.35
5/25/2012,72.76
6/1/2012,69.95
6/8/2012,71.67
6/15/2012,74.12
6/22/2012,72.69
6/29/2012,73.98
7/6/2012,73.80
7/13/2012,71.53
7/20/2012,70.16
7/27/2012,72.09
8/3/2012,71.50
8/10/2012,76.39
8/17/2012,74.69
8/24/2012,73.56
8/31/2012,72.99
9/7/2012,77.41
9/14/2012,83.24
9/21/2012,77.61
9/28/2012,75.55
10/5/2012,77.36
10/12/2012,74.05
10/19/2012,76.75
10/26/2012,74.16
11/2/2012,74.17
11/9/2012,72.49
11/16/2012,70.37
11/23/2012,71.89
11/30/2012,72.45
12/7/2012,73.19
12/14/2012,74.95
12/21/2012,73.70
12/28/2012,73.07
1/4/2013,79.29
1/11/2013,76.93
1/18/2013,77.22
1/25/2013,77.46
2/1/2013,77.30
2/8/2013,76.81
2/15/2013,79.90
2/22/2013,74.33
3/1/2013,72.68
3/8/2013,74.22
3/15/2013,74.53
3/22/2013,73.08
3/28/2013,73.76
4/5/2013,71.24
4/12/2013,71.01
4/19/2013,69.64
4/26/2013,71.56
5/3/2013,74.32
5/10/2013,75.12
5/17/2013,74.41
5/24/2013,73.37
5/31/2013,73.46
6/7/2013,72.04
6/14/2013,70.47
6/21/2013,69.28
6/28/2013,68.01
7/5/2013,67.98
7/12/2013,70.50
7/19/2013,70.31
7/26/2013,70.45
8/2/2013,69.69
8/9/2013,71.63
8/16/2013,70.98
8/23/2013,70.74
8/30/2013,67.94
9/6/2013,69.74
9/13/2013,70.96
9/20/2013,72.73
9/27/2013,72.08
10/4/2013,70.44
10/11/2013,73.19
10/18/2013,74.84
10/25/2013,79.42
11/1/2013,79.71
11/8/2013,77.94
11/15/2013,77.74
11/22/2013,79.37
11/29/2013,82.31
12/6/2013,80.53
12/13/2013,81.58
12/20/2013,85.01
12/27/2013,90.96
1/3/2014,90.18
1/10/2014,86.26
1/17/2014,95.96
1/24/2014,96.50
1/31/2014,97.14
2/7/2014,94.53
2/14/2014,95.94
2/21/2014,98.68
2/28/2014,99.00
3/7/2014,102.43
3/14/2014,99.86
3/21/2014,101.30
3/28/2014,104.76
4/4/2014,106.07
4/11/2014,105.23
4/17/2014,113.30
4/25/2014,111.22
5/2/2014,114.18
5/9/2014,110.35
5/16/2014,111.80
5/23/2014,112.46
5/30/2014,113.11
6/6/2014,119.19
6/13/2014,120.42
6/20/2014,121.31
6/27/2014,123.82
7/3/2014,124.15
7/11/2014,131.75
7/18/2014,135.81
7/25/2014,136.75
8/1/2014,135.98
8/8/2014,133.48
8/15/2014,133.71
8/22/2014,136.41
8/29/2014,137.68
9/5/2014,142.82
9/12/2014,138.51
9/19/2014,134.40
9/26/2014,134.23
10/3/2014,129.34
10/10/2014,121.96
10/17/2014,129.51
10/24/2014,137.22
10/31/2014,138.96
11/7/2014,135.39
11/14/2014,140.45
11/21/2014,144.68
11/28/2014,143.35
12/5/2014,140.53
12/12/2014,123.29
12/19/2014,132.16
12/26/2014,131.16
1/2/2015,131.66
1/9/2015,133.57
1/16/2015,126.69
1/23/2015,130.67
1/30/2015,129.75
2/6/2015,137.38
2/13/2015,131.08
2/20/2015,130.92
2/27/2015,122.62
3/6/2015,120.05
3/13/2015,112.51
3/20/2015,107.53
3/27/2015,105.30
4/2/2015,108.94
4/10/2015,109.03
4/17/2015,111.60
4/24/2015,109.61
5/1/2015,117.32
5/8/2015,114.58
5/15/2015,112.26
5/22/2015,107.29
5/29/2015,103.64
6/5/2015,102.97
6/12/2015,99.99
6/19/2015,98.91
6/26/2015,96.92
7/2/2015,92.03
7/10/2015,88.13
7/17/2015,86.97
7/24/2015,81.34
7/31/2015,81.83
8/7/2015,78.02
8/14/2015,78.02
8/21/2015,72.38
8/28/2015,78.02
9/4/2015,78.68
9/11/2015,80.01
9/18/2015,82.66
9/25/2015,75.20
10/2/2015,78.93
10/9/2015,85.07
10/16/2015,79.18
10/23/2015,75.78
10/30/2015,74.04
11/6/2015,75.37
11/13/2015,66.25
11/20/2015,72.05
11/27/2015,77.27
12/4/2015,77.44
12/11/2015,73.46
12/18/2015,76.53
12/24/2015,83.91
12/31/2015,81.83
1/8/2016,66.91
1/15/2016,57.21
1/22/2016,56.96
1/29/2016,60.44
2/5/2016,67.32
2/12/2016,63.76
2/19/2016,65.25
2/26/2016,73.54
3/4/2016,79.35
3/11/2016,78.93
3/18/2016,83.16
3/24/2016,79.35
4/1/2016,79.84
4/8/2016,77.69
4/15/2016,82.99
4/22/2016,86.23
4/29/2016,92.61
5/6/2016,83.24
5/13/2016,76.28
5/20/2016,75.53
5/27/2016,77.52
6/3/2016,78.93
6/10/2016,78.68
6/17/2016,79.43
6/24/2016,77.77
7/1/2016,79.18
7/8/2016,81.42
7/15/2016,90.54
7/22/2016,87.64
7/29/2016,88.05
8/5/2016,87.06
8/12/2016,84.32
8/19/2016,85.15
8/26/2016,82.91
9/2/2016,83.99
9/9/2016,79.59
9/16/2016,78.27
9/23/2016,80.92
9/30/2016,84.07
10/7/2016,86.70
10/14/2016,73.07
10/21/2016,74.29
10/28/2016,78.41
11/4/2016,80.51
11/11/2016,93.60
11/18/2016,97.18
11/25/2016,101.27
12/2/2016,92.77
12/9/2016,102.39
12/16/2016,93.92
12/23/2016,94.91
12/30/2016,89.71
1/6/2017,98.01
1/13/2017,105.46
1/20/2017,113.92
1/27/2017,117.15
2/3/2017,117.76
2/10/2017,122.36
2/17/2017,115.68
2/24/2017,110.15
3/3/2017,116.22
3/10/2017,110.31
3/17/2017,111.72
3/24/2017,104.02
3/31/2017,109.90
4/7/2017,107.76
4/13/2017,99.00
4/21/2017,101.27
4/28/2017,107.76
5/5/2017,101.65
5/12/2017,101.56
5/19/2017,103.16
5/26/2017,106.29
6/2/2017,104.98
6/9/2017,105.46
6/16/2017,95.84
6/23/2017,99.32
6/30/2017,104.31
7/7/2017,109.23
7/14/2017,116.03
7/21/2017,116.99
7/28/2017,113.86
8/4/2017,119.54
8/11/2017,120.69
8/18/2017,120.63
8/25/2017,131.65
9/1/2017,143.89
9/8/2017,136.12
9/15/2017,142.64
9/22/2017,144.97
9/29/2017,148.93
10/6/2017,151.71
10/13/2017,152.42
10/20/2017,153.12
10/27/2017,153.06
11/3/2017,150.53
11/10/2017,137.40
11/17/2017,138.65
11/24/2017,134.85
12/1/2017,133.03
12/8/2017,132.26
12/15/2017,136.12
12/22/2017,159.70
12/29/2017,172.10
1/5/2018,172.80
1/12/2018,181.33
1/19/2018,169.64
1/26/2018,172.51
2/2/2018,156.83
2/9/2018,146.70
2/16/2018,151.30
2/23/2018,149.19
3/2/2018,145.48
3/9/2018,152.90
3/16/2018,150.88
3/23/2018,142.83
3/29/2018,143.63
4/6/2018,153.50
4/13/2018,175.58
4/20/2018,191.71
4/27/2018,164.84
5/4/2018,173.76
5/11/2018,172.38
5/18/2018,162.38
5/25/2018,153.12
6/1/2018,152.19
6/8/2018,155.00
6/15/2018,144.85
6/22/2018,145.55
6/29/2018,149.77
7/6/2018,150.60
7/13/2018,150.98
7/20/2018,128.81
7/27/2018,138.07
8/3/2018,136.48
8/10/2018,143.70
8/17/2018,134.27
8/24/2018,138.78
8/31/2018,142.71
9/7/2018,130.98
9/14/2018,136.70
9/21/2018,139.89
9/28/2018,129.06
10/5/2018,134.37
10/12/2018,113.95
10/19/2018,123.31
10/26/2018,109.42
11/2/2018,117.98
11/9/2018,109.77
11/16/2018,114.85
11/23/2018,103.22
11/30/2018,101.62
12/6/2018,94.72
12/14/2018,91.40
12/21/2018,84.31
12/28/2018,84.98
1/4/2019,90.54
1/11/2019,91.21
1/18/2019,93.51
1/25/2019,92.71
2/1/2019,91.37
2/8/2019,88.33
2/22/2019,96.38
3/1/2019,94.75
3/8/2019,85.68
3/15/2019,88.94
3/22/2019,89.83
3/29/2019,89.96
4/5/2019,94.40
4/11/2019,91.02
4/26/2019,85.97
5/3/2019,85.23
5/10/2019,79.99
5/17/2019,78.27
5/31/2019,67.69
6/7/2019,68.49
6/14/2019,69.42
6/21/2019,72.20
6/28/2019,74.79
7/5/2019,73.89
7/12/2019,72.20
7/19/2019,73.83
7/26/2019,73.89
8/2/2019,66.16
8/9/2019,61.37
8/16/2019,55.97
8/23/2019,55.84
9/6/2019,61.05
9/13/2019,73.13
9/20/2019,69.32
9/27/2019,65.84
10/4/2019,62.14
10/9/2019,58.81
10/18/2019,68.81
10/25/2019,67.15
11/1/2019,69.87
11/8/2019,71.98
11/15/2019,66.74
11/22/2019,65.68
11/29/2019,65.01
12/6/2019,65.81
12/13/2019,66.10
12/20/2019,67.82
12/27/2019,68.94
1/3/2020,68.69
1/10/2020,62.14
1/17/2020,56.51
1/24/2020,49.55
1/31/2020,44.57
2/7/2020,49.68
2/14/2020,50.06
2/21/2020,51.43
2/28/2020,44.31
3/6/2020,35.17
3/13/2020,25.56
3/20/2020,17.51
3/27/2020,20.93
4/3/2020,19.07
4/9/2020,24.44
4/17/2020,23.49
4/24/2020,21.26
5/1/2020,22.77
5/8/2020,24.04
5/15/2020,20.64
5/22/2020,27.95
5/29/2020,31.41
6/5/2020,40.90
6/12/2020,37.73
6/19/2020,36.58
6/26/2020,33.86
7/2/2020,33.35
7/10/2020,35.58
7/17/2020,40.38
7/24/2020,39.89
7/31/2020,40.30
8/7/2020,47.01
8/14/2020,49.04
8/21/2020,49.15
8/28/2020,50.79
9/4/2020,47.96
9/11/2020,44.84
9/18/2020,45.50
9/25/2020,39.46
10/2/2020,40.38
10/9/2020,42.77
10/16/2020,43.11
10/23/2020,46.02
10/30/2020,44.14
11/6/2020,49.33
11/13/2020,56.61
11/20/2020,64.29
11/27/2020,69.96
12/4/2020,81.07
12/11/2020,78.03
12/18/2020,75.19
12/24/2020,75.02
12/31/2020,78.74
1/8/2021,85.37
1/15/2021,79.53
1/22/2021,66.27
1/29/2021,61.49
2/5/2021,71.57
2/12/2021,73.99
2/19/2021,79.02
2/26/2021,83.87
3/5/2021,99.03
3/12/2021,107.64
3/19/2021,106.38
3/26/2021,111.98
4/1/2021,110.10
4/9/2021,107.13
4/16/2021,121.72
4/23/2021,118.57
4/30/2021,125.17
5/7/2021,140.75
5/14/2021,135.62
5/21/2021,123.46
5/28/2021,135.52
6/4/2021,132.68
6/11/2021,127.70
6/18/2021,109.59
6/25/2021,122.30
7/2/2021,129.54
7/9/2021,127.90
7/16/2021,112.56
7/23/2021,126.60
7/30/2021,137.16
8/6/2021,139.07
8/13/2021,154.58
8/20/2021,128.82
8/27/2021,150.76
9/3/2021,161.28
9/10/2021,169.10
9/17/2021,166.81
9/24/2021,165.65
10/1/2021,170.02
10/8/2021,157.25
10/15/2021,191.31
10/22/2021,168.25
10/29/2021,156.97
11/5/2021,163.50
11/12/2021,177.37
11/19/2021,162.61
11/26/2021,163.80
12/3/2021,150.55
12/10/2021,166.71
12/17/2021,183.55
12/23/2021,202.78
12/31/2021,203.53
1/7/2022,213.07
1/14/2022,209.72
1/21/2022,192.02
1/28/2022,196.09
2/4/2022,219.39
2/11/2022,251.16
2/18/2022,267.14
2/25/2022,265.95
3/4/2022,309.71
3/11/2022,270.01
3/18/2022,281.63
3/25/2022,314.15
4/1/2022,309.57
4/8/2022,287.47
4/14/2022,299.84
4/22/2022,230.15
4/29/2022,231.62
5/6/2022,208.52
5/13/2022,199.26
5/20/2022,206.92
5/27/2022,220.34
6/3/2022,211.22
6/10/2022,181.09
6/17/2022,168.35
6/24/2022,168.62
7/1/2022,152.98
7/8/2022,153.15
7/15/2022,147.10
7/22/2022,156.46
7/29/2022,173.85
8/5/2022,169.17
8/12/2022,180.24
8/19/2022,174.26
8/26/2022,190.76
9/2/2022,168.25
9/9/2022,179.76
9/16/2022,145.05
9/23/2022,121.31
9/30/2022,114.99
10/7/2022,133.26
10/14/2022,131.01
10/21/2022,140.27
10/28/2022,134.90
11/4/2022,144.85
11/11/2022,162.81
11/18/2022,161.62
11/25/2022,163.60
12/2/2022,172.14
12/9/2022,154.00
12/16/2022,145.94
12/23/2022,150.99
12/30/2022,155.33
1/6/2023,158.37
1/13/2023,186.56
1/20/2023,174.22
1/27/2023,180.20
2/3/2023,180.17
2/10/2023,166.33
2/17/2023,160.18
2/24/2023,158.68
3/3/2023,189.67
3/10/2023,153.42
3/17/2023,133.74
3/24/2023,136.92
3/31/2023,145.39
4/6/2023,133.78
4/14/2023,138.01
4/21/2023,130.36
4/28/2023,126.88
5/5/2023,123.49
5/12/2023,120.83
5/19/2023,123.32
5/26/2023,115.09
6/2/2023,119.36
6/9/2023,120.35
6/16/2023,121.68
6/23/2023,112.19
6/30/2023,115.91
7/7/2023,116.46
7/14/2023,117.93
7/21/2023,114.03
7/28/2023,118.75
8/4/2023,115.98
8/11/2023,109.18
8/18/2023,98.97
8/25/2023,96.44
9/1/2023,106.24
9/8/2023,95.99
9/15/2023,98.56
9/22/2023,96.85
9/29/2023,99.27
10/6/2023,92.75
10/13/2023,90.80
10/20/2023,82.02
10/27/2023,80.31
11/3/2023,90.63
11/10/2023,84.17
11/17/2023,89.57
11/24/2023,89.64
12/1/2023,94.76
12/8/2023,85.47
12/15/2023,106.24
12/22/2023,115.36
12/29/2023,116.15
1/5/2024,109.76
1/12/2024,102.59
1/19/2024,93.47
1/26/2024,104.57
2/2/2024,100.74
2/9/2024,91.86
2/16/2024,93.60
2/23/2024,90.60
3/1/2024,94.56
3/8/2024,101.97
3/15/2024,103.99
3/22/2024,107.27
3/28/2024,115.43
4/5/2024,124.66
4/12/2024,120.25
4/19/2024,121.38
4/26/2024,125.99
5/3/2024,125.61
5/10/2024,126.81
5/17/2024,140.81
5/24/2024,142.25
5/31/2024,151.23
6/7/2024,139.76
6/14/2024,129.47
6/21/2024,138.01
6/28/2024,135.89
7/5/2024,144.98
7/12/2024,133.06
7/19/2024,119.29
7/26/2024,114.20
8/2/2024,100.67
8/9/2024,104.40
8/16/2024,109.73
8/23/2024,115.88
8/30/2024,109.66
9/6/2024,97.46
9/13/2024,111.09
9/20/2024,115.57
9/27/2024,134.15
10/4/2024,133.64
10/11/2024,140.13
10/18/2024,142.49
10/25/2024,140.40
11/1/2024,138.59
11/8/2024,152.98
11/15/2024,150.38
11/22/2024,155.33
11/29/2024,158.61
12/6/2024,145.15
12/13/2024,133.64
12/20/2024,129.27
12/27/2024,128.72
1/3/2025,121.99
1/10/2025,122.67
1/17/2025,135.04
1/24/2025,127.87
1/31/2025,120.66
2/7/2025,123.39
2/14/2025,123.80
2/21/2025,117.52
2/28/2025,113.59
3/7/2025,112.19
3/14/2025,114.54
3/21/2025,115.98
3/28/2025,104.74
4/4/2025,84.75
4/11/2025,84.55
4/17/2025,79.66
4/25/2025,87.83
5/2/2025,87.21
5/9/2025,88.55
5/16/2025,100.44
5/23/2025,95.89
5/30/2025,91.45
6/6/2025,95.69
6/13/2025,96.85
6/20/2025,95.17
6/27/2025,97.26
7/3/2025,106.41
7/11/2025,106.21
7/18/2025,103.61
7/25/2025,105.35
8/1/2025,97.02
8/8/2025,103.07
8/15/2025,106.82
8/22/2025,108.22
8/29/2025,109.97
9/5/2025,108.74
9/12/2025,113.55
9/19/2025,110.89
9/26/2025,111.74
10/3/2025,117.86
10/10/2025,119.63
10/17/2025,122.88
10/24/2025,134.67
10/31/2025,125.68
11/7/2025,127.49
11/14/2025,128.41
11/21/2025,124.14
11/28/2025,142.59
12/5/2025,149.53
12/12/2025,157.62
12/19/2025,175.08
12/26/2025,185.33
1/2/2026,193.15
1/9/2026,217.51
1/16/2026,205.21
1/23/2026,212.52
1/30/2026,194.07
2/6/2026,202.10
2/13/2026,204.80
2/20/2026,206.64
2/27/2026,212.08
3/6/2026,203.77
3/13/2026,217.23
3/20/2026,192.84
3/27/2026,199.54
4/2/2026,244.36
4/10/2026,249.48
4/17/2026,224.17
4/24/2026,225.50
5/1/2026,213.95
5/8/2026,215.83
5/15/2026,213.61
5/22/2026,243.85
5/29/2026,265.23
6/5/2026,245.59
6/12/2026,234.93
6/18/2026,202.82
6/26/2026,184.81
7/2/2026,166.30
7/10/2026,166.30
7/17/2026,150.24
7/24/2026,151.13
7/31/2026,154.62
8/7/2026,171.39
8/14/2026,170.74
8/21/2026,177.13
8/28/2026,171.90
9/4/2026,170.71
9/11/2026,164.86
9/18/2026,151.78
9/25/2026,146.38
