Date,Par Value Gross federal debt,Par Value Privately held gross federal debt, Par Value Marketable Treasury debt,Martket Value Gross federal debt,Market Value Privately held gross federal debt,Market Value Marketable Treasury debt,Marketable Treasury Debt Market Price Index
Jan-42,60,53.9,38.6,63,57,40.6,105.18
Feb-42,62.4,56,40.2,65.2,58.9,42,104.48
Mar-42,62.4,55.9,42.5,65.6,58.8,44.6,104.94
Apr-42,65,58.3,44.6,68.3,61.3,46.9,105.16
May-42,68.6,61.5,46.9,71.7,64.4,49,104.48
Jun-42,72.4,63.7,47.7,75.7,66.8,49.9,104.61
Jul-42,77.1,67.7,52.9,80.2,70.5,55,103.97
Aug-42,81.7,71.7,56.3,84.7,74.4,58.3,103.55
Sep-42,86.5,76.1,59,89.5,78.9,61,103.39
Oct-42,92.9,81,61.8,95.9,83.9,63.8,103.24
Nov-42,96.1,83.3,65.9,98.9,85.7,67.8,102.88
Dec-42,108.2,94.1,76.3,110.9,96.5,78.2,102.49
Jan-43,111.1,97,77.1,114.1,99.7,79.2,102.72
Feb-43,114,99.7,78.5,117,102.4,80.6,102.68
Mar-43,115.5,100.8,79.5,118.4,103.4,81.4,102.39
Apr-43,129.8,114.4,80.3,133.2,118.4,82.4,102.62
May-43,135.9,120,95.2,139.4,123.2,97.6,102.52
Jun-43,136.7,119.3,95.1,140.4,122.6,97.7,102.73
Jul-43,141.5,122.3,98.4,145.1,125.5,100.9,102.54
Aug-43,144.1,123.6,99.7,147.6,126.7,102.1,102.41
Sep-43,158.3,137.6,111.2,161.8,140.7,113.7,102.25
Oct-43,165,143.8,115.7,168.4,146.9,118.2,102.16
Nov-43,166.2,143.5,115.7,169.5,146.5,118,101.99
Dec-43,165.9,141.6,115,169.2,144.5,117.3,102.00
Jan-44,170.7,145.7,115.1,174.1,148.7,117.3,101.91
Feb-44,183.1,157.9,126,186.6,161.1,128.4,101.90
Mar-44,184.7,156.8,127.9,188.2,159.8,130.3,101.88
Apr-44,185,155.7,127.2,188.4,158.7,129.6,101.89
May-44,186.4,155.4,127.8,189.9,158.5,130.2,101.88
Jun-44,201,168.6,140.2,204.5,171.7,142.6,101.71
Jul-44,208.6,175.7,141,212.3,179.2,143.5,101.77
Aug-44,209.8,175.5,145,213.6,178.8,147.6,101.79
Sep-44,209.5,173.8,144.5,213,176.9,146.9,101.66
Oct-44,210.2,173.4,144.8,213.6,176.4,147.2,101.66
Nov-44,215,177,145,218.5,180.1,147.4,101.66
Dec-44,230.6,191.6,161.5,234.2,194.8,164,101.55
Jan-45,232.4,193,162.1,237.1,197.2,165.4,102.04
Feb-45,233.7,193,162.2,238.9,197.6,165.8,102.22
Mar-45,234,192.6,162.4,239.2,197.2,166,102.22
Apr-45,235.1,192.6,162.5,240.8,197.6,166.4,102.40
May-45,238.8,195.2,162.5,244.5,200.2,166.3,102.34
Jun-45,258.7,212.4,162.6,265.4,220.1,166.8,102.58
Jul-45,262,215.2,182.9,268,220.4,187,102.24
Aug-45,263,214.9,183.1,268.8,219.9,187.2,102.24
Sep-45,262,212.6,182.6,267.8,217.7,186.7,102.25
Oct-45,261.8,212.3,182.6,268,217.8,186.9,102.35
Nov-45,265.3,215.6,182.6,272,221.6,187.2,102.52
Dec-45,278.1,227.4,198.6,285.4,233.8,203.8,102.62
Jan-46,278.9,228.5,199.5,288.1,236.6,206,103.26
Feb-46,279.2,228.9,199.6,289.4,237.9,206.9,103.66
Mar-46,276,225.8,196.9,286.2,234.7,204.1,103.66
Apr-46,273.9,223.4,194.9,281.8,230.4,200.5,102.87
May-46,272.6,221.7,193.3,280.8,228.8,199.1,103.00
Jun-46,269.4,217,189.4,277.9,224.4,195.4,103.17
Jul-46,268.3,215.3,187.4,275.9,221.9,192.7,102.83
Aug-46,267.5,213.9,186.2,274.5,220,191,102.58
Sep-46,265.4,211.3,184.2,271.6,216.7,188.5,102.33
Oct-46,263.5,210,182.1,270.3,215.9,186.9,102.64
Nov-46,262.3,208.1,180.1,268.3,213.3,184.3,102.33
Dec-46,259.1,205.2,176.4,266.1,211.3,181.2,102.72
Jan-47,259.8,204.9,176.3,267,211.1,181.1,102.72
Feb-47,261.4,206.2,175.2,268.8,212.6,180.2,102.85
Mar-47,259.1,205.1,172.3,266.7,211.7,177.4,102.96
Apr-47,257.7,204.4,170.4,265,210.7,175.2,102.82
May-47,258.3,204.3,169.8,265.7,210.6,174.6,102.83
Jun-47,258.3,203.7,168.5,265.2,209.6,173,102.67
Jul-47,259.5,204.6,168.3,266.3,210.5,172.8,102.67
Aug-47,260.1,204.3,168.2,267.4,210.5,172.9,102.79
Sep-47,259.1,202.9,167.8,266,208.8,172.2,102.62
Oct-47,259.1,203.1,166.9,264.4,207.6,170.4,102.10
Nov-47,258.2,201.9,166.2,262.4,205.5,168.9,101.62
Dec-47,256.9,200.1,165.6,259.6,202.3,167.3,101.03
Jan-48,256.6,200.1,164.8,259.2,202.3,166.4,100.97
Feb-48,254.6,198.8,162.6,257.5,201.2,164.5,101.17
Mar-48,253,197.2,161.2,256,199.7,163.1,101.18
Apr-48,252.2,197.2,160.7,255.4,199.8,162.7,101.24
May-48,252.2,196.8,158,256.4,200.5,160.7,101.71
Jun-48,252.3,195.3,160.2,255.5,197.9,162.2,101.25
Jul-48,253.4,195.7,159.4,256.3,198.1,161.2,101.13
Aug-48,253,195.1,159,255.8,197.3,160.7,101.07
Sep-48,252.7,192.5,158.2,255.3,194.6,159.8,101.01
Oct-48,252.5,192.6,157.8,254.9,194.5,159.2,100.89
Nov-48,252.5,192.3,157.6,255.2,194.5,159.3,101.08
Dec-48,252.8,192.2,157.3,256,194.7,159.3,101.27
Jan-49,252.6,193.1,156.8,256.1,195.9,159,101.40
Feb-49,252.7,192.9,156.6,256.4,195.8,158.9,101.47
Mar-49,251.6,192.3,155.5,255.5,195.4,157.9,101.54
Apr-49,251.5,192.9,155.3,255.4,196,157.7,101.55
May-49,251.9,194.7,155.3,255.9,197.9,157.8,101.61
Jun-49,252.8,195.2,155,257.9,199.3,158.1,102.00
Jul-49,253.9,196.9,154.8,259.5,201.3,158.2,102.20
Aug-49,255.9,199.5,155.4,262.2,204.5,159.2,102.45
Sep-49,256.7,199.3,155.5,263,204.3,159.3,102.44
Oct-49,256.8,200.2,155.2,263,205.2,159,102.45
Nov-49,257,200,155.2,263.4,205.1,159.1,102.51
Dec-49,257.1,198.9,155,263.9,204.4,159.1,102.65
Jan-50,256.9,200.1,154.7,262.8,204.8,158.2,102.26
Feb-50,256.4,200.3,154.6,261.9,204.7,157.9,102.13
Mar-50,255.7,200.5,154.3,260.7,204.5,157.3,101.94
Apr-50,255.7,200.6,154.4,260.2,204.3,157.2,101.81
May-50,256.4,201.6,154.8,260.8,205.2,157.5,101.74
Jun-50,257.4,201.2,155.2,261.2,204.2,157.4,101.42
Jul-50,257.5,201.6,155,261.3,204.7,157.3,101.48
Aug-50,257.9,201.4,155,261.8,204.5,157.4,101.55
Sep-50,257.2,198.8,153.6,260.3,201.3,155.5,101.24
Oct-50,256.9,198.7,152.6,259.5,200.8,154.1,100.98
Nov-50,257.1,198.2,152.6,259.5,200.2,154,100.92
Dec-50,256.7,196.8,152.3,259.1,198.7,153.7,100.92
Jan-51,256.1,195.1,151.5,258.7,197.2,153,100.99
Feb-51,255.9,194.4,151.5,258.3,196.2,152.9,100.92
Mar-51,255,192.3,151.5,255.2,192.5,151.6,100.07
Apr-51,254.7,192.1,137.9,254.1,191.7,137.6,99.78
May-51,255.1,192.3,137.9,253.8,191.3,137.2,99.49
Jun-51,255.2,191.3,137.8,254,190.4,137.1,99.49
Jul-51,255.7,191.6,139.1,255.2,191.1,138.8,99.78
Aug-51,256.6,192.1,139.6,257,192.4,139.8,100.14
Sep-51,257.4,191.6,140,256.8,191.2,139.7,99.79
Oct-51,258.3,192.8,146.6,257.6,190.9,146.2,99.73
Nov-51,259.6,194.2,142.6,258.4,193.2,141.9,99.51
Dec-51,257.4,193.4,142.5,255.5,191.8,141.5,99.30
Jan-52,259.8,194.4,142.5,258.6,193.3,141.9,99.58
Feb-52,260.4,195,142.6,259.1,193.9,141.8,99.44
Mar-52,258.1,190.3,141.2,257.4,189.7,140.8,99.72
Apr-52,258.3,192.7,141.7,258.8,193,141.9,100.14
May-52,259.9,194,142.5,260.3,194.2,142.7,100.14
Jun-52,259.1,191.9,140.3,259.1,191.9,140.3,100.00
Jul-52,263.1,195.6,144.2,262.4,195.1,143.8,99.72
Aug-52,263.2,195.1,144,261.8,193.9,143.3,99.51
Sep-52,262.7,194,143.8,260.5,192.1,142.5,99.10
Oct-52,264.9,196.4,146.6,263.3,195.2,145.7,99.39
Nov-52,267.4,198.1,148.6,265.6,196.7,147.6,99.33
Dec-52,267.4,196.9,148.4,265.1,195.1,147.2,99.19
Jan-53,267.4,197.5,148.5,264.8,195.5,147,98.99
Feb-53,267.6,197.6,148.3,264.2,195,146.5,98.79
Mar-53,264.5,194.5,145.9,260.6,191.5,143.7,98.49
Apr-53,264.6,194.4,146,259,190.2,142.9,97.88
May-53,266.5,195.6,148.2,259.4,190.1,144.3,97.37
Jun-53,266.1,193.8,147.2,260.7,189.7,144.2,97.96
Jul-53,272.7,200.2,153.6,267.8,196.4,150.9,98.24
Aug-53,273.2,200.2,153.6,268.3,196.5,150.8,98.18
Sep-53,272.9,199.7,152.7,270.7,198,151.4,99.15
Oct-53,273.4,200.1,152.9,271.9,199,152,99.41
Nov-53,275.2,202,154.6,273.3,200.5,153.5,99.29
Dec-53,275.2,201,154.5,275,200.8,154.4,99.94
Jan-54,274.8,202,154.5,275.8,202.8,155.1,100.39
Feb-54,274.8,202.1,154.4,277.1,203.8,155.7,100.84
Mar-54,270.2,197.5,150,273,199.5,151.5,101.00
Apr-54,271,198.3,151,274.9,201.2,153.2,101.46
May-54,273.5,200.2,153.2,275.4,201.6,154.3,100.72
Jun-54,271.3,197,150.3,274.6,199.4,152.1,101.20
Jul-54,271,197.4,150.3,274.4,200,152.1,101.20
Aug-54,275,201.4,153.9,277.7,203.5,155.4,100.97
Sep-54,274.8,201.1,153.9,277,202.8,155.1,100.78
Oct-54,278.8,205.1,158.1,280.5,206.4,159,100.57
Nov-54,278.9,204.6,158.1,279.9,205.3,158.6,100.32
Dec-54,278.8,204.2,157.7,279.5,204.8,158.2,100.32
Jan-55,278.4,205.1,157.8,277.6,204.5,157.3,99.68
Feb-55,278.2,205.4,157.7,276,203.7,156.5,99.24
Mar-55,274,201.1,153.3,272,199.6,152.2,99.28
Apr-55,276.6,204.2,156.5,274,202.2,155,99.04
May-55,277.5,204.4,158.3,275.4,202.7,157.1,99.24
Jun-55,274.4,200.3,155.1,271.1,197.7,153.3,98.84
Jul-55,277.6,202.9,158.5,272.5,199,155.6,98.17
Aug-55,278.3,203,158.8,273.2,199.1,155.9,98.17
Sep-55,277.5,202.5,159.4,273.5,199.5,157.1,98.56
Oct-55,279.8,204.8,162.5,276.7,202.4,160.7,98.89
Nov-55,280.1,204.3,162.5,275.8,201,160,98.46
Dec-55,280.8,204.3,163.2,276.1,200.7,160.5,98.35
Jan-56,280,205,163.3,276.8,202.5,161.4,98.84
Feb-56,280.1,204.9,163.3,276.6,202.2,161.3,98.78
Mar-56,276.3,200.9,159.5,270.4,196.3,156.1,97.87
Apr-56,275.8,200.9,159.5,268.8,195.6,155.5,97.49
May-56,276.7,200.8,159.5,272,197.2,156.8,98.31
Jun-56,272.8,195.6,154.9,268.1,191.9,152.2,98.26
Jul-56,272.6,195.5,154.9,265.5,190.1,150.9,97.42
Aug-56,275.6,197.4,157.3,266.6,190.5,152.2,96.76
Sep-56,274.3,196.5,156.3,265.8,190,151.5,96.93
Oct-56,275.3,197.7,158,266.4,190.8,152.8,96.71
Nov-56,277,198.6,159.8,267.1,191,154.1,96.43
Dec-56,276.6,197.8,160.4,265.7,189.4,154,96.01
Jan-57,276.2,199,160.5,268.6,193.2,156.1,97.26
Feb-57,276.3,199.4,160.8,267.9,192.9,155.9,96.95
Mar-57,275,197.8,159.9,267,191.6,155.2,97.06
Apr-57,274,197.3,159.9,264.6,190,154.4,96.56
May-57,275.2,197.4,160.3,264.7,189.3,154.2,96.19
Jun-57,270.5,192,155.7,258,182.6,148.5,95.38
Jul-57,272.5,194.1,158.7,260.3,184.8,151.7,95.59
Aug-57,273.8,194.6,160.2,262.1,185.6,153.3,95.69
Sep-57,274.4,195.8,161.8,262.3,186.5,154.6,95.55
Oct-57,274.1,195.4,161.2,262.4,186.4,154.3,95.72
Nov-57,274.7,195.8,162.3,268.9,191.3,158.9,97.91
Dec-57,274.9,195.5,164.1,271.6,192.9,162.2,98.84
Jan-58,274.6,196.2,164.6,271.9,194,162.9,98.97
Feb-58,274.7,196.2,164.4,273.8,195.3,163.9,99.70
Mar-58,272.6,193.7,162.8,272.5,193.5,162.8,100.00
Apr-58,275.1,196.3,165.9,275.8,196.6,166.3,100.24
May-58,275.7,195.8,165.9,276.9,196.5,166.6,100.42
Jun-58,276.3,195.1,166.6,275.2,194.2,166,99.64
Jul-58,275.5,195.5,166.3,272.3,192.9,164.4,98.86
Aug-58,278.5,197.3,169.2,268.5,189.6,163.1,96.39
Sep-58,276.7,196.2,167.7,265.9,187.9,161.1,96.06
Oct-58,280.2,199.8,172.1,269.5,191.6,165.6,96.22
Nov-58,283.1,202.2,175.3,273.6,194.8,169.4,96.63
Dec-58,282.9,202.9,175.5,271.5,194.1,168.5,96.01
Jan-59,285.8,206.7,179.7,273.7,197.3,172.1,95.77
Feb-59,285.1,206.2,179.3,274.3,197.8,172.4,96.15
Mar-59,282,203,176.2,270,193.7,168.8,95.80
Apr-59,285.4,206.7,180.7,271.9,196.1,172.1,95.24
May-59,286.3,206.3,180.9,272.3,195.5,172.1,95.14
Jun-59,284.7,204.2,177.9,269.9,192.7,168.6,94.77
Jul-59,288.7,208.2,183,274,196.7,173.7,94.92
Aug-59,290.4,209.2,184.5,273.8,196.4,174,94.31
Sep-59,288.3,207.6,183,271.7,194.9,172.5,94.26
Oct-59,291.3,211.2,187.4,276.7,199.9,178,94.98
Nov-59,290.6,210,186.9,274.9,197.9,176.8,94.60
Dec-59,290.8,210.6,188.2,273.5,197.3,177,94.05
Jan-60,291.1,212.6,189.8,275.6,200.5,179.7,94.68
Feb-60,290.6,212.3,189.2,276.1,201,179.8,95.03
Mar-60,286.8,208,185.4,276.7,200,178.8,96.44
Apr-60,288.8,210.2,188.1,277,200.9,180.4,95.91
May-60,289.4,209.1,187.8,278.4,200.5,180.6,96.17
Jun-60,286.3,204.6,183.8,278.1,198.1,178.5,97.12
Jul-60,288.3,206.8,186.9,283.6,202.9,183.8,98.34
Aug-60,288.7,206.1,186.2,283.4,201.8,182.8,98.17
Sep-60,288.4,206,185.9,283.1,201.8,182.5,98.17
Oct-60,290.5,208.2,189.3,284.7,203.6,185.5,97.99
Nov-60,290.4,207.7,188.7,283,201.9,183.9,97.46
Dec-60,290.2,207.9,189,285.9,204.4,186.2,98.52
Jan-61,290,209.1,189.3,284.2,204.4,185.5,97.99
Feb-61,290.5,209.6,189.9,285.7,205.7,186.7,98.31
Mar-61,287.5,206.1,186.6,282.6,202.2,183.4,98.29
Apr-61,288,207.5,188.1,283.7,204,185.3,98.51
May-61,290.1,208,188.8,285.2,204.1,185.7,98.36
Jun-61,289,205.9,187.2,282.8,201.1,183.2,97.86
Jul-61,292.4,210,191.3,286.1,205.1,187.1,97.80
Aug-61,293.7,209.8,190.8,286.8,204.5,186.3,97.64
Sep-61,293.7,210.3,191.9,287.6,205.5,187.9,97.92
Oct-61,295.7,212.7,195.2,289.8,208.1,191.3,98.00
Nov-61,297,212.7,195.5,290.5,207.7,191.2,97.80
Dec-61,296.2,213.1,195.9,289.1,207.7,191.2,97.60
Jan-62,296.5,214.6,197.6,289.1,208.9,192.7,97.52
Feb-62,297,214.8,197.6,290.9,210.1,193.5,97.93
Mar-62,296.1,213,196.5,291.5,209.4,193.5,98.47
Apr-62,297,214.4,198.1,293,211.3,195.5,98.69
May-62,299.2,214.1,198.2,295,210.8,195.4,98.59
Jun-62,298.2,212.5,196.1,292.6,208.3,192.4,98.11
Jul-62,297.9,213,196.9,291.8,208.4,192.9,97.97
Aug-62,301.8,214.9,199.3,297.3,211.4,196.3,98.49
Sep-62,299.5,213.7,198,295.4,210.6,195.3,98.64
Oct-62,302.1,216.3,201.3,298.5,213.5,198.9,98.81
Nov-62,305.4,217.5,204.2,301.8,214.8,201.8,98.82
Dec-62,303.5,217.6,203,300,214.9,200.7,98.87
Jan-63,303.4,219.1,204,299.7,216.2,201.5,98.77
Feb-63,304.6,219.5,204.8,300.7,216.5,202.1,98.68
Mar-63,303,217.4,203.5,298.9,214.3,200.7,98.62
Apr-63,303.2,218.2,204.3,298.8,214.8,201.3,98.53
May-63,305.2,217.4,204.1,300.5,213.8,200.9,98.43
Jun-63,305.9,216.1,203.5,301,212.4,200.2,98.38
Jul-63,304.8,215.9,203.5,299.4,211.8,199.9,98.23
Aug-63,306.5,215.9,203.2,300.8,211.6,199.4,98.13
Sep-63,306.6,216.9,204.3,300.7,212.5,200.3,98.04
Oct-63,306.4,217.2,204.3,299.7,212.2,199.9,97.85
Nov-63,308.2,217.5,206.6,301.6,212.6,202.1,97.82
Dec-63,309.3,218.5,207.6,302.2,213.2,202.8,97.69
Jan-64,308.6,220,208.6,301.7,214.8,203.9,97.75
Feb-64,310.4,220.5,210.3,303,214.7,205.3,97.62
Mar-64,309.6,219,209.3,301.7,212.8,204,97.47
Apr-64,307.6,219.1,207.4,300.2,213.6,202.4,97.59
May-64,311.7,218.8,208,304.8,213.6,203.4,97.79
Jun-64,311.7,216.6,206.5,305.4,212,202.3,97.97
Jul-64,311.2,217,205.8,304.9,212.4,201.6,97.96
Aug-64,314.1,218,205.7,307.4,213.3,201.3,97.86
Sep-64,315.6,219.3,208,308.9,214.5,203.6,97.88
Oct-64,315.6,220.2,209.4,309,215.4,205.1,97.95
Nov-64,318.5,221.4,212.1,311.3,216.1,207.3,97.74
Dec-64,317.9,221.1,212.5,311.1,216.1,207.9,97.84
Jan-65,318,222.8,214.4,311.5,218,210,97.95
Feb-65,319.9,223.3,214.9,313,218.1,210.2,97.81
Mar-65,317.7,220.2,212,311.1,215.5,207.6,97.92
Apr-65,316.6,220.3,212.4,310.1,215.4,208.1,97.98
May-65,319.2,218.6,212,312.6,213.5,207.5,97.88
Jun-65,317.3,215.4,208.7,311,210.8,204.6,98.04
Jul-65,316.5,215.6,208.7,310,210.8,204.4,97.94
Aug-65,318.2,214.9,208.4,310.9,209.6,203.6,97.70
Sep-65,316.7,213.9,208.1,308.4,208.1,202.6,97.36
Oct-65,318.9,217.5,212.1,310.3,211.2,206.4,97.31
Nov-65,321.7,218.8,214.6,312.6,212.2,208.5,97.16
Dec-65,320.9,218.7,214.6,309.3,210.4,206.9,96.41
Jan-66,322,221.9,217.7,310.2,213.2,209.7,96.33
Feb-66,323.3,221.9,217.7,309.4,211.8,208.4,95.73
Mar-66,321,219,215,309.8,210.9,207.5,96.51
Apr-66,319.6,218.9,215,307.9,210.3,207.1,96.33
May-66,322.4,216.9,213.8,309.9,207.9,205.5,96.12
Jun-66,319.9,211.5,209.1,306.3,201.8,200.3,95.79
Jul-66,319.2,211,209.1,304.9,200.9,199.8,95.55
Aug-66,324.4,213.1,211.4,307.3,201.1,200.3,94.75
Sep-66,324.7,213.2,211.8,310.1,202.9,202.2,95.47
Oct-66,326.9,216.4,215.3,313.6,206.9,206.6,95.96
Nov-66,329.4,217.1,217.2,315.4,207.2,208,95.76
Dec-66,329.3,216.8,217.9,319.5,209.7,211.4,97.02
Jan-67,328.9,217.7,218.8,321,211.9,213.5,97.58
Feb-67,330.1,216.6,219.2,320.6,209.7,212.9,97.13
Mar-67,331.5,215.9,219.9,324.7,210.9,215.4,97.95
Apr-67,328.3,212.5,216.6,319.4,206.1,210.7,97.28
May-67,331.4,210.8,214.3,322.2,204.8,208.4,97.25
Jun-67,326.7,204.2,210.7,313.3,195,202,95.87
Jul-67,330.6,208.9,215,318.2,200.3,206.9,96.23
Aug-67,335.9,212.6,217.3,322.2,203.4,208.4,95.90
Sep-67,335.9,213.1,218.2,322.3,203.8,209.4,95.97
Oct-67,340.5,217.7,223.3,323.9,206.2,212.4,95.12
Nov-67,345.1,220.5,226.1,327.9,208.6,214.8,95.00
Dec-67,344.7,220.1,225.1,327.9,208.9,214.1,95.11
Jan-68,346.3,223,227.6,332,214,218.2,95.87
Feb-68,351.6,226.8,233.3,337.2,216.7,223.7,95.89
Mar-68,349.5,224.5,231.8,333.6,213.5,221.2,95.43
Apr-68,347,221.3,228.7,331,210.2,218.2,95.41
May-68,352.3,223.9,231.8,336.3,213,221.2,95.43
Jun-68,347.6,216.8,226.6,333.4,207.1,217.3,95.90
Jul-68,351.1,220.9,231,339.4,212.9,223.3,96.67
Aug-68,354.4,222.5,234.7,342.7,213.9,226.9,96.68
Sep-68,354.7,223,233.6,342.6,214.6,225.6,96.58
Oct-68,357.2,225.7,236.7,344,216.6,227.9,96.28
Nov-68,356.9,224.7,235.7,342.6,214.8,226.2,95.97
Dec-68,358,228.5,234.1,339.4,209.9,221.9,94.79
Jan-69,359.4,230,236.9,341,217.8,224.7,94.85
Feb-69,358.8,227.8,234.8,339.3,214.9,222,94.55
Mar-69,359.5,228.1,234.5,340.4,215.8,222,94.67
Apr-69,358.5,225.6,227.8,340.6,215.2,216.4,95.00
May-69,360.1,223.6,230.9,339.1,210.4,217.5,94.20
Jun-69,353.7,214.8,225.7,331,200.2,211.2,93.58
Jul-69,357,217.9,229.4,334.5,203.3,214.9,93.68
Aug-69,360.2,218.6,228.6,336.8,204.2,213.7,93.48
Sep-69,360.7,219.6,223.3,331.8,202.6,205.4,91.98
Oct-69,364.4,222.7,235,340.7,207.3,219.7,93.49
Nov-69,368.1,223.8,237.4,342.1,207.1,220.7,92.97
Dec-69,368.2,222,233,338.9,204.1,214.4,92.02
Jan-70,367.6,223.5,235.8,339.3,205.5,217.7,92.32
Feb-70,368.8,223.6,235.8,347.2,209.5,222,94.15
Mar-70,372,225.9,236.3,350.7,212.5,222.7,94.24
Apr-70,367.2,220.5,234,341.6,204,217.7,93.03
May-70,371.1,221.5,236.8,345.1,204.7,220.2,92.99
Jun-70,370.9,218,232.6,346.7,202.7,217.4,93.47
Jul-70,376.6,223.2,238.6,354.4,208.8,224.6,94.13
Aug-70,380.9,224.6,231.8,358.3,213.5,218,94.05
Sep-70,378.7,223.2,236.2,359.3,211.6,224.1,94.88
Oct-70,380.2,225.8,242.4,361.8,213.7,230.7,95.17
Nov-70,383.6,227.8,244.4,373.1,220.5,237.7,97.26
Dec-70,389.2,229.9,245.6,378.2,223,238.7,97.19
Jan-71,388.3,229.9,245.3,381.1,225.3,240.7,98.12
Feb-71,390.7,230.2,245.2,385.8,227.1,242.1,98.74
Mar-71,391.7,228.7,242.9,389.5,227.9,241.6,99.46
Apr-71,391.9,229.1,242.5,383,224.1,237,97.73
May-71,396.8,230.2,237.1,387.2,226.3,231.4,97.60
Jun-71,398.1,229.7,238.4,382.5,222.2,229,96.06
Jul-71,405.3,234.6,245.3,389.3,225.3,235.7,96.09
Aug-71,414.6,240.4,249.1,405.9,234.8,243.8,97.87
Sep-71,412.3,238.2,249.9,404.3,232.9,245,98.04
Oct-71,411.9,240.1,250.5,406.9,237,247.5,98.80
Nov-71,414.6,242.1,254.5,408.8,238,250.9,98.59
Dec-71,424.1,247.9,262,419.8,244.7,259.4,99.01
Jan-72,422.9,248.9,261.9,417.5,245,258.5,98.70
Feb-72,424,250.2,261.2,419.4,246.8,258.4,98.93
Mar-72,427.3,251.9,262.5,419.3,247.5,257.6,98.13
Apr-72,425.3,249.5,260.4,419.2,246.1,256.7,98.58
May-72,427.9,247.3,256.7,422.8,245.5,253.6,98.79
Jun-72,427.3,244.4,256.9,419.9,239.7,252.5,98.29
Jul-72,432.4,248.8,255.7,426.1,245.1,252,98.55
Aug-72,435.4,249.3,258.1,426.8,244,253,98.02
Sep-72,433.9,250.7,256,424.8,245.6,250.6,97.89
Oct-72,439.9,253.1,257.1,431.1,249.1,252,98.02
Nov-72,444.2,258.6,263.8,436.6,254.4,259.3,98.29
Dec-72,449.3,262.5,265.7,439.9,258,260.2,97.93
Jan-73,450.1,261.8,266.9,438,255.8,259.7,97.30
Feb-73,454.8,265.1,265.7,440.6,257.8,257.4,96.88
Mar-73,458.6,266.4,268,443.3,257.8,259.1,96.68
Apr-73,457.1,263.7,267.8,442.8,255.1,259.5,96.90
May-73,457.3,263.1,265.9,441.9,253.9,257,96.65
Jun-73,458.1,259.7,261.3,441.1,250.3,251.6,96.29
Jul-73,459,256.9,262.7,435,243.1,249,94.78
Aug-73,461.8,257.1,260.6,441.8,246.3,249.3,95.66
Sep-73,461.4,257.4,262.3,447.2,249.3,254.2,96.91
Oct-73,462.5,256.5,259,448.7,250.4,251.2,96.99
Nov-73,464,259.8,269.3,449.8,252.1,261.1,96.96
Dec-73,469.9,261.7,269.8,454.9,253.4,261.2,96.81
Jan-74,468.2,261.2,270.1,453.1,252.7,261.4,96.78
Feb-74,470.7,261.1,269.7,455,252.3,260.6,96.63
Mar-74,474.5,263.8,271.8,453.1,252.5,259.5,95.47
Apr-74,471.9,260.7,270.5,447.6,247.3,256.5,94.82
May-74,474.7,259.4,269.4,452.4,247.3,256.8,95.32
Jun-74,475.1,256.4,266.6,451.8,243.8,253.5,95.09
Jul-74,475.3,259.7,268,451,246.8,254.3,94.89
Aug-74,481.8,259,271.2,455.4,245.2,256.3,94.51
Sep-74,481.5,260,272,460.5,249,260.1,95.63
Oct-74,480.2,262.5,273.4,460.9,252,262.4,95.98
Nov-74,485.4,265.3,277.6,469.1,256.5,268.3,96.65
Dec-74,492.7,271,282.9,478.7,263.3,274.8,97.14
Jan-75,494.1,273.8,286.1,483,267.7,279.7,97.76
Feb-75,499.7,278.9,287.4,490.8,274.6,282.3,98.23
Mar-75,509.7,289.8,300,498,283.4,293.1,97.70
Apr-75,516.7,290.9,302.5,501,283.6,293.3,96.96
May-75,528.2,301.7,314.9,517.1,295.5,308.3,97.90
Jun-75,533.2,303.2,313.7,520.9,296.9,306.5,97.70
Jul-75,538.2,313.8,323.7,523.5,305.6,314.8,97.25
Aug-75,547.7,320.4,331.1,532.2,311.7,321.7,97.16
Sep-75,553.6,328.9,338.9,535.3,318.5,327.7,96.70
Oct-75,562,336,350.9,551.2,329.9,344.2,98.09
Nov-75,566.8,343.9,355.9,554.2,336.8,348,97.78
Dec-75,576.6,351.4,363.2,567.8,346.4,357.6,98.46
Jan-76,584.4,355.3,369.6,577.4,351.3,365.2,98.81
Feb-76,593.9,365.1,378.8,586,360.7,373.7,98.65
Mar-76,600.5,371.7,380.3,594.1,369.3,376.2,98.92
Apr-76,602,371,386.4,595.7,367.5,382.4,98.96
May-76,610.7,376.4,387.1,599.5,370.3,380,98.17
Jun-76,620.4,376.4,386.8,611.5,372.9,381.3,98.58
Jul-76,624.5,386.2,397.7,617.4,382.2,393.3,98.89
Aug-76,633.3,391.3,404.3,630,389.6,402.2,99.48
Sep-76,634.7,392.2,407.7,632.4,391.1,406.2,99.63
Oct-76,637.6,397.3,408.6,637.3,397.4,408.4,99.95
Nov-76,644.6,408.1,415.4,650.5,412.1,419.2,100.91
Dec-76,653.5,409.5,421.3,660.1,413.8,425.5,101.00
Jan-77,653.9,415.7,424,650.6,414,421.8,99.48
Feb-77,663.3,423.1,431.4,659.7,421.3,429,99.44
Mar-77,669.2,428.3,435.4,666.2,426.9,433.4,99.54
Apr-77,671,425.7,434.1,667.7,424.2,431.9,99.49
May-77,672.1,425.3,431.4,668.7,423.7,429.3,99.51
Jun-77,674.4,421,431.1,673.4,420.8,430.5,99.86
Jul-77,673.9,426.5,430.2,668.8,423.7,427,99.26
Aug-77,685.2,434.9,433,681.1,434,430.5,99.42
Sep-77,698.8,438.6,443.4,692.3,435,439.3,99.08
Oct-77,697.4,450.6,447.5,687.1,444.4,440.9,98.53
Nov-77,708,457.6,449.5,698.9,453.5,443.7,98.71
Dec-77,718.9,461.3,459.9,706.8,454.1,452.2,98.33
Jan-78,721.6,473.1,466.8,707.3,464.3,457.5,98.01
Feb-78,729.8,477.1,470.8,714.6,467.8,461,97.92
Mar-78,738,483.7,484.2,721.8,472.3,473.6,97.81
Apr-78,736.6,479.5,472.2,718.3,468.3,460.5,97.52
May-78,741.6,479.7,467.9,720.4,468.1,454.5,97.14
Jun-78,749,477.8,477.6,724.6,462.9,462.1,96.75
Jul-78,750.5,482.3,481,727.9,468.4,466.6,97.01
Aug-78,764.4,489,485.6,742.9,475.8,471.9,97.18
Sep-78,771.5,488.3,485.2,747.4,473.6,470,96.87
Oct-78,776.4,494.7,490.5,744.8,475.5,470.6,95.94
Nov-78,783,502.3,490.6,752.7,484.3,471.7,96.15
Dec-78,789.2,508.6,487.6,752.2,485.3,464.7,95.30
Jan-79,790.5,521.4,490.7,759.3,502.7,471.4,96.07
Feb-79,792.2,518.6,490.8,758,498.4,469.6,95.68
Mar-79,796.8,519.6,500.4,764.9,499.4,480.3,95.98
Apr-79,796.4,517.1,501.6,763,496.7,480.5,95.79
May-79,804.8,521.5,506.9,776.3,503.6,488.9,96.45
Jun-79,804.9,516.6,499.3,782.7,502.7,485.6,97.26
Jul-79,807.5,519.8,507,781.7,503.6,490.8,96.80
Aug-79,813.1,521.5,509.2,782.2,502.1,489.8,96.19
Sep-79,826.5,524,506.7,790.6,501.7,484.7,95.66
Oct-79,826.8,526.5,508.9,768.1,491.2,472.8,92.91
Nov-79,833.4,528.6,519.6,786.6,499.4,490.4,94.38
Dec-79,845.1,540.5,530.7,798.1,511.1,501.2,94.44
Jan-80,847.7,546.9,535.7,790,510.4,499.3,93.21
Feb-80,854.6,551.6,540.6,769.4,497.5,486.7,90.03
Mar-80,863.5,561.9,554.1,780.2,509.6,500.7,90.36
Apr-80,870,563,551.6,827.3,539.2,524.6,95.11
May-80,877.9,562.9,567.6,852.2,547.3,551,97.08
Jun-80,877.6,558.2,566.8,855.9,545.1,552.7,97.51
Jul-80,881.7,573,576.1,848.5,552.3,554.4,96.23
Aug-80,893.4,583.8,583.4,840.1,550,548.6,94.03
Sep-80,907.7,589.2,594.5,847.1,551.1,554.8,93.32
Oct-80,908.2,593.3,599.5,837,547.9,552.4,92.14
Nov-80,913.8,603.2,605.4,837.6,554,554.9,91.66
Dec-80,930.2,616.4,611.1,863.8,575.9,567.5,92.87
Jan-81,934.1,627.4,628.5,864.1,581.6,581.4,92.51
Feb-81,950.5,639.7,642.9,871.2,587.7,589.2,91.65
Mar-81,964.5,654.6,667.1,896.8,609.2,620.3,92.98
Apr-81,964,650.4,657.9,876.9,593.2,598.5,90.97
May-81,968.5,652.3,656.2,889.3,600.4,602.6,91.83
Jun-81,971.2,651.2,660.8,892.6,600.1,607.3,91.90
Jul-81,973.3,651.3,666.4,881.3,591,603.4,90.55
Aug-81,980.4,656.7,673.8,877,588.8,602.7,89.45
Sep-81,997.9,665.4,674.8,892.1,598.1,603.3,89.40
Oct-81,1005,677.2,689.6,922.6,623.2,633,91.79
Nov-81,1013.3,684.6,704.8,968.4,655.6,673.6,95.57
Dec-81,1028.7,694.5,721.3,961.4,650.2,674.1,93.46
Jan-82,1038.4,707.3,726.5,966.1,659.6,676,93.05
Feb-82,1048.2,720.8,737.5,979.4,675,689.1,93.44
Mar-82,1061.3,733.3,743.2,991.9,688.3,694.6,93.46
Apr-82,1065.7,727.1,755.8,1005.8,687.5,713.3,94.38
May-82,1071.7,735.2,755.7,1015.9,698.3,716.3,94.79
Jun-82,1079.6,740.9,754.2,1008.3,695.2,704.4,93.40
Jul-82,1089.6,749.6,774.1,1038.8,716.2,738,95.34
Aug-82,1109.2,769.8,801.4,1081.4,751,781.4,97.50
Sep-82,1142,791.2,824.4,1130.8,784,816.3,99.02
Oct-82,1142.8,799.7,824.7,1154.7,808.6,833.2,101.03
Nov-82,1161.7,820.1,852.4,1170.5,827,858.9,100.76
Dec-82,1197.1,848.4,881.5,1212.1,859.7,892.5,101.25
Jan-83,1201,861.7,888.7,1206.9,866.5,893,100.48
Feb-83,1215.3,876.4,907.7,1232.6,889.6,920.6,101.42
Mar-83,1244.5,906.6,937.8,1251.2,912.1,942.8,100.53
Apr-83,1247.9,905.5,935.4,1265,918.6,948.2,101.37
May-83,1291.4,923.3,957.3,1291.6,924.2,957.5,100.02
Jun-83,1319.6,948.6,978.9,1314.1,945.3,974.8,99.58
Jul-83,1326.9,957.7,985.7,1299.8,938.7,965.6,97.96
Aug-83,1348.4,976.2,1010.4,1318.5,955.2,988,97.78
Sep-83,1377.2,982.7,1024,1362.6,973.1,1013.1,98.94
Oct-83,1384.6,1003.8,1035.3,1365.3,990.6,1020.9,98.61
Nov-83,1389.2,1009.2,1044.7,1372,997.4,1031.8,98.77
Dec-83,1410.7,1022.6,1051,1385.4,1005,1032.1,98.20
Jan-84,1437.4,1041.9,1081.9,1418.8,1029.2,1067.9,98.71
Feb-84,1457.5,1075.5,1100.1,1426.8,1053.6,1076.9,97.89
Mar-84,1463.7,1073.1,1097.7,1419.8,1041.6,1064.9,97.01
Apr-84,1486.1,1078.8,1123.3,1433.4,1041.1,1083.5,96.46
May-84,1497.1,1094.6,1131.3,1413.6,1033.7,1068.1,94.41
Jun-84,1512.7,1102.2,1126.9,1428.5,1040.9,1064.2,94.44
Jul-84,1538.6,1128.5,1159.8,1479.7,1085.8,1115.4,96.17
Aug-84,1560.6,1151.8,1184.7,1504.3,1110.7,1141.9,96.39
Sep-84,1572.3,1154.1,1176.6,1528,1122.2,1143.4,97.18
Oct-84,1611.5,1181.5,1207.6,1595.7,1170.7,1195.8,99.02
Nov-84,1631,1191.3,1224.4,1623.2,1186.8,1218.6,99.53
Dec-84,1663,1212.5,1252.2,1660.8,1211.6,1250.5,99.86
Jan-85,1679.9,1231.5,1252.4,1688.2,1239.4,1258.5,100.49
Feb-85,1698.4,1242.4,1275.8,1676.7,1227.4,1259.5,98.72
Mar-85,1710.7,1254.2,1271.1,1697.8,1245.9,1261.5,99.24
Apr-85,1732.7,1258.4,1300.9,1732.9,1259.8,1301.1,100.02
May-85,1753.9,1284.4,1313.7,1796.8,1317.6,1345.8,102.44
Jun-85,1774.6,1291.4,1310.7,1821.1,1327.2,1345.1,102.62
Jul-85,1800.9,1317.3,1342.9,1831.4,1341.4,1365.6,101.69
Aug-85,1818,1330.5,1347.8,1858.3,1361.9,1377.6,102.21
Sep-85,1823.1,1336.9,1359.6,1860.5,1366.3,1387.5,102.05
Oct-85,1831.8,1349.2,1366.9,1879.8,1386.7,1402.7,102.62
Nov-85,1900.2,1394.6,1396.7,1965.5,1444.9,1444.7,103.44
Dec-85,1945.9,1415.8,1423.5,2039.3,1486.8,1491.8,104.80
Jan-86,1962.6,1422,1435.7,2050.3,1489.1,1499.8,104.46
Feb-86,1979.1,1441.1,1449.9,2114.5,1543.3,1549.1,106.84
Mar-86,1986.8,1449.5,1458.7,2168.4,1586.2,1592,109.14
Apr-86,2008.3,1466.6,1467.8,2183.7,1598.6,1596,108.73
May-86,2031.3,1484.4,1473.1,2162.8,1584.5,1568.4,106.47
Jun-86,2059.3,1501.1,1498.2,2225,1626.5,1618.8,108.05
Jul-86,2074.5,1516.5,1510.7,2237.3,1640,1629.3,107.85
Aug-86,2094.4,1534.3,1518.2,2292.2,1684.7,1661.6,109.45
Sep-86,2125.3,1551.7,1549.3,2277.6,1667.1,1660.3,107.16
Oct-86,2139,1558.6,1552.5,2307.3,1686.3,1674.7,107.87
Nov-86,2179.5,1592.6,1576.9,2355.3,1726.7,1704.1,108.07
Dec-86,2214.8,1600.4,1613.6,2378.1,1721.4,1732.6,107.37
Jan-87,2221.9,1613.7,1597.7,2392.8,1743.4,1720.6,107.69
Feb-87,2241.1,1637.2,1607.8,2413.3,1768.3,1731.3,107.68
Mar-87,2246.7,1642.9,1620.7,2394.8,1756,1727.5,106.59
Apr-87,2268.1,1629.7,1624.2,2363.5,1701.8,1692.5,104.21
May-87,2287.5,1654.2,1625.6,2364.9,1713.6,1680.6,103.38
Jun-87,2309.3,1658.8,1644,2393.6,1722.9,1704,103.65
Jul-87,2307,1659.9,1636.6,2372.5,1709.9,1683.1,102.84
Aug-87,2344.2,1693.8,1670.7,2387.5,1727.6,1701.6,101.85
Sep-87,2350.3,1681.2,1661,2350.5,1682.6,1661.1,100.01
Oct-87,2384.8,1702.9,1677.8,2436.3,1742.2,1714,102.16
Nov-87,2409.6,1725.2,1701.2,2456.6,1761.3,1734.4,101.95
Dec-87,2431.7,1731.5,1709.8,2484,1771.5,1746.6,102.15
Jan-88,2448.3,1741,1704.5,2546.5,1814.7,1772.8,104.01
Feb-88,2471.9,1762.7,1731.3,2576.3,1841.2,1804.5,104.23
Mar-88,2487.6,1779.2,1743.8,2558.6,1833.1,1793.6,102.86
Apr-88,2502.1,1764.7,1729.9,2550.3,1801.2,1763.3,101.93
May-88,2519.8,1779.6,1747.6,2543,1797.9,1763.7,100.92
Jun-88,2547.7,1785.8,1754.9,2595.4,1821.8,1787.8,101.87
Jul-88,2553.9,1795.1,1746.8,2575.6,1812.3,1761.6,100.85
Aug-88,2575.8,1816.3,1775.7,2586.1,1825.2,1782.8,100.40
Sep-88,2602.3,1822.6,1769.1,2637,1850.8,1792.7,101.33
Oct-88,2624.3,1836.5,1785.3,2678.8,1878.2,1822.4,102.08
Nov-88,2658.3,1846.6,1823,2676.3,1861.2,1835.4,100.68
Dec-88,2684.4,1856.8,1798.6,2694.4,1866.3,1805.3,100.37
Jan-89,2698,1869.7,1846,2717.5,1874.4,1859.3,100.72
Feb-89,2722.8,1887,1823.3,2717.3,1886.4,1819.6,99.80
Mar-89,2740.9,1904.8,1835.6,2730.3,1900,1828.5,99.61
Apr-89,2756.7,1897.3,1843.2,2768.9,1897.7,1851.4,100.44
May-89,2777.5,1918.9,1863.5,2823.8,1952.7,1894.6,101.67
Jun-89,2799.9,1910.4,1853.9,2901.8,1984,1921.3,103.64
Jul-89,2800.5,1919.9,1849.5,2932.6,2014.7,1936.7,104.71
Aug-89,2836.4,1956.3,1888,2919.6,2016,1943.4,102.93
Sep-89,2857.4,1959.7,1877.1,2929.8,2010.7,1924.7,102.54
Oct-89,2901.2,1999.4,1930.5,3011.6,2077.7,2003.9,103.80
Nov-89,2923.6,2015.2,1943.4,3040,2098.7,2020.8,103.98
Dec-89,2953,2016.8,1931.6,3071.3,2102.7,2009,104.01
Jan-90,2974.6,2042.8,1910.2,3035.6,2094.9,1949.3,102.05
Feb-90,2994.4,2052.5,1975.8,3043.9,2087.3,2008.5,101.66
Mar-90,3052,2109.9,1980.7,3087.4,2138.2,2003.7,101.16
Apr-90,3061,2096.7,1988.5,3062.8,2097.9,1989.6,100.06
May-90,3095.2,2117.2,2007.1,3138.3,2148.9,2035.1,101.40
Jun-90,3143.8,2137.4,2013.3,3205.6,2183.1,2052.9,101.97
Jul-90,3168.8,2160.9,2072.8,3240.7,2208.1,2119.8,102.27
Aug-90,3211.7,2204.1,2110.3,3235.7,2221.3,2126,100.74
Sep-90,3233.3,2205,2099.5,3264.5,2225.2,2119.8,100.97
Oct-90,3275,2232,2116.6,3325.9,2269,2149.5,101.55
Nov-90,3330.7,2271.8,2168.9,3414.6,2332.9,2223.6,102.52
Dec-90,3364.8,2284.4,2180.8,3469.8,2358.4,2248.8,103.12
Jan-91,3411.4,2319.2,2206.8,3524.6,2399.1,2280,103.32
Feb-91,3458.6,2353.4,2242.1,3568.6,2430.9,2313.4,103.18
Mar-91,3465.2,2357.4,2212.9,3571.1,2433.7,2280.5,103.05
Apr-91,3445.1,2345.4,2222.9,3560.4,2426.7,2297.3,103.35
May-91,3497.2,2384,2263.5,3603.3,2458.9,2332.2,103.04
Jun-91,3538,2394.4,2253.1,3623.5,2456,2307.5,102.41
Jul-91,3576.8,2430.8,2284.4,3674.9,2507.1,2347.1,102.74
Aug-91,3614.4,2458,2332.6,3750.4,2555.1,2420.4,103.76
Sep-91,3665.3,2487.2,2305,3807.2,2597.5,2394.2,103.87
Oct-91,3717.1,2518.5,2414.2,3894.7,2643.6,2529.6,104.78
Nov-91,3747.4,2545.7,2424.4,3935.9,2680,2546.3,105.03
Dec-91,3801.7,2551.2,2435,4066.6,2741.6,2604.7,106.97
Jan-92,3809.3,2579.2,2471.1,4009.3,2719.3,2600.8,105.25
Feb-92,3829.1,2602.6,2473,4021.4,2738.8,2597.2,105.02
Mar-92,3881.3,2650,2537.2,4038,2760.5,2639.7,104.04
Apr-92,3892,2656.5,2663.8,4049.1,2764,2771.3,104.04
May-92,3934.4,2686.9,2490.9,4126.6,2830.7,2612.6,104.89
Jun-92,3984.7,2699.9,2576,4194.9,2852.7,2711.9,105.28
Jul-92,4010.6,2729.9,2522.5,4226.8,2886.9,2658.5,105.39
Aug-92,4048.9,2759.7,2657.2,4316,2948.1,2832.5,106.60
Sep-92,4064.6,2751.9,2585.3,4341.8,2983.4,2761.6,106.82
Oct-92,4067.3,2763.2,2646.4,4299.2,2926.8,2797.3,105.70
Nov-92,4132.8,2812.3,2612.5,4372.2,2994.4,2763.8,105.79
Dec-92,4177,2826.8,2738.5,4412.8,2991.6,2893.1,105.65
Jan-93,4167.2,2823.6,2718,4446,3020.4,2899.8,106.69
Feb-93,4197,2849.4,2734.2,4519.6,3080.5,2944.4,107.69
Mar-93,4230.6,2882.3,2769.4,4541.6,3106.7,2973,107.35
Apr-93,4254.1,2892.8,2781,4570.5,3115,2987.8,107.44
May-93,4296.3,2918,2806.7,4590.6,3126.2,2999,106.85
Jun-93,4352,2924.1,2811.6,4701.2,3180,3037.2,108.02
Jul-93,4350.3,2936.8,2836.9,4692.3,3171.2,3060,107.86
Aug-93,4403.2,2982.6,2899.2,4793.9,3254.7,3156.4,108.87
Sep-93,4411.5,2969.1,2886.6,4798.7,3268.4,3139.9,108.78
Oct-93,4422.5,2977,2873.9,4804.1,3246.2,3121.9,108.63
Nov-93,4493.5,3034.9,2967.5,4816.6,3261.8,3180.9,107.19
Dec-93,4535.7,3038,2974.3,4853.9,3260.6,3183,107.02
Jan-94,4526.3,3034.2,2970.9,4875.9,3276.9,3200.4,107.72
Feb-94,4559.5,3068.8,3002,4812.1,3239.3,3168.3,105.54
Mar-94,4575.9,3091.6,3023.5,4737.9,3206.1,3130.6,103.54
Apr-94,4568.7,3069.3,2988.3,4686.7,3150.3,3065.5,102.58
May-94,4609.3,3090.9,3031.1,4702.8,3153,3092.7,102.03
Jun-94,4645.8,3085.2,3035.3,4713.8,3131.3,3079.7,101.46
Jul-94,4636.4,3088,3019.3,4741.3,3162.1,3087.7,102.27
Aug-94,4692,3136.6,3062.2,4780.2,3204.4,3119.8,101.88
Sep-94,4692.8,3124.5,3076.7,4716.5,3141.9,3092.3,100.51
Oct-94,4734.2,3158.6,3108.2,4736.8,3162.1,3110,100.06
Nov-94,4778.5,3189.6,3123.5,4753.3,3178.8,3107.1,99.47
Dec-94,4800.2,3169,3111.1,4774,3153.4,3094.1,99.45
Jan-95,4815.8,3191.8,3158.4,4830.4,3201.7,3168,100.30
Feb-95,4854.3,3230.1,3190,4919.3,3274.7,3232.7,101.34
Mar-95,4864.1,3240.2,3213.8,4932,3288.6,3258.7,101.40
Apr-95,4852.3,3209.8,3165.2,4945.8,3274.3,3226.2,101.93
May-95,4903.9,3251.7,3182,5113.5,3407.2,3318,104.27
Jun-95,4951.4,3245.8,3237.6,5167.5,3393.1,3378.9,104.36
Jul-95,4960.2,3269.4,3245,5143.5,3395.3,3365,103.70
Aug-95,4970.8,3287.9,3271.1,5175,3429,3405.4,104.11
Sep-95,4974,3279.1,3245.4,5192.5,3429.4,3388,104.39
Oct-95,4985.3,3292.1,3282,5234.9,3463.4,3446.3,105.01
Nov-95,4989.3,3322.7,3336.3,5270.8,3516,3524.5,105.64
Dec-95,4988.7,3293.2,3292.1,5305.8,3511.7,3501.3,106.35
Jan-96,4987.4,3300.1,3291,5307.9,3526.2,3502.6,106.43
Feb-96,5017,3349.3,3372.1,5241.1,3503.4,3522.8,104.47
Mar-96,5117.8,3383.1,3360.1,5296.2,3507.5,3477.2,103.49
Apr-96,5102,3346,3352.2,5239.9,3438.6,3442.8,102.70
May-96,5128.5,3360.8,3372.2,5239.3,3435.1,3445,102.16
Jun-96,5161.1,3347.6,3333.4,5294.8,3446.8,3419.8,102.59
Jul-96,5188.9,3370.4,3368.6,5311.5,3458.5,3448.2,102.36
Aug-96,5208.3,3392.4,3381,5303.1,3457.3,3442.5,101.82
Sep-96,5224.8,3386.9,3403.4,5357.4,3474.7,3489.7,102.54
Oct-96,5247.3,3399.6,3416.1,5436.7,3525.4,3539.3,103.61
Nov-96,5296.5,3438.4,3429.6,5529.3,3594.1,3580.4,104.40
Dec-96,5323.2,3415.1,3416.1,5496.2,3551.5,3527.1,103.25
Jan-97,5314,3409.7,3426.5,5471.7,3512.2,3528.2,102.97
Feb-97,5349.9,3443.9,3462.6,5491.6,3537,3554.3,102.65
Mar-97,5380.9,3468.5,3489.4,5464.2,3522.9,3543.4,101.55
Apr-97,5354,3381,3449.5,5458.3,3446.7,3516.7,101.95
May-97,5345,3404.4,3400.9,5468.6,3485.1,3479.6,102.31
Jun-97,5376.2,3378.2,3418.1,5520.4,3470.7,3509.7,102.68
Jul-97,5373.2,3392.4,3405.7,5604.5,3542,3552.3,104.30
Aug-97,5404.4,3398.3,3415.5,5576,3509.5,3524,103.18
Sep-97,5413.1,3390.2,3424.4,5623.9,3525.1,3557.7,103.89
Oct-97,5427.2,3400.2,3423.5,5678.3,3561.3,3581.9,104.63
Nov-97,5462.6,3420.1,3418.4,5713,3581,3575.1,104.58
Dec-97,5502.4,3394.8,3441.6,5777,3569.4,3613.4,104.99
Jan-98,5490.1,3395.4,3382.9,5808.6,3598.7,3579.1,105.80
Feb-98,5520.7,3422.9,3408.9,5805.5,3604.8,3584.7,105.16
Mar-98,5542.4,3438.9,3451.9,5817.4,3614.5,3623.1,104.96
Apr-98,5499.9,3355.3,3384,5771.7,3526,3551.2,104.94
May-98,5506.4,3361.8,3337.7,5801.3,3548.5,3516.5,105.36
Jun-98,5547.9,3332,3354.3,5866.6,3529.3,3547,105.74
Jul-98,5527.7,3326,3335.6,5833.1,3516.4,3519.9,105.53
Aug-98,5564.6,3358.1,3369.3,5967.1,3608.4,3613,107.23
Sep-98,5526.2,3302.5,3316,6017.5,3604.9,3610.8,108.89
Oct-98,5559.3,3319,3293.9,6020.2,3603.4,3567,108.29
Nov-98,5592,3330.3,3348.4,6028,3598.1,3609.5,107.80
Dec-98,5614.2,3315.7,3340.5,6035.8,3571.9,3591.3,107.51
Jan-99,5610.1,3299.8,3277.8,6042.3,3562.7,3530.3,107.70
Feb-99,5621.9,3295.9,3279.5,5925.4,3480.1,3456.6,105.40
Mar-99,5651.6,3316.2,3346.3,5947.5,3495,3521.6,105.24
Apr-99,5585.8,3227.6,3257.6,5876.5,3401.3,3427.1,105.20
May-99,5604.2,3223.3,3225.6,5837.9,3362.2,3360.2,104.17
Jun-99,5638.8,3191.3,3233.5,5848.4,3314.2,3353.7,103.72
Jul-99,5638.7,3201.1,3208.7,5820.7,3308.2,3312.2,103.23
Aug-99,5672.4,3220.7,3266,5832.3,3314.6,3358.1,102.82
Sep-99,5656.3,3171.8,3218,5828.5,3272.4,3316,103.05
Oct-99,5679.7,3185.6,3196.2,5830.4,3273.3,3281,102.65
Nov-99,5693.6,3185.3,3228.7,5814.4,3255.3,3297.2,102.12
Dec-99,5776.1,3237.8,3266,5852.5,3281.5,3309.2,101.32
Jan-00,5711.3,3131.1,3184.8,5777.2,3168.6,3221.5,101.15
Feb-00,5735.3,3148.9,3203.7,5835.2,3206,3259.5,101.74
Mar-00,5773.4,3186.5,3246.2,5926.6,3274.5,3332.4,102.66
Apr-00,5685.1,3077.3,3104.3,5813.7,3150,3174.5,102.26
May-00,5647.2,3013.1,3077.4,5760,3075.9,3138.9,102.00
Jun-00,5685.9,2991.1,3055.7,5839.8,3075.2,3138.4,102.71
Jul-00,5658.8,2956,3031.1,5832.1,3049.9,3124,103.06
Aug-00,5677.8,2961.9,3041.5,5883.8,3073,3151.9,103.63
Sep-00,5674.2,2930.8,2977.8,5869.1,3034.5,3080,103.43
Oct-00,5657.3,2882.1,2978.9,5867.6,2993.1,3089.6,103.72
Nov-00,5709.7,2921.5,3021.7,5969.5,3059.1,3159.2,104.55
Dec-00,5662.2,2886.1,2951.9,5984.4,3056.4,3119.9,105.69
Jan-01,5716.1,2854.7,2962.2,6065.5,3035.5,3143.3,106.11
Feb-01,5735.9,2863.8,2974.1,6112.7,3059.1,3169.5,106.57
Mar-01,5773.7,2898.5,2967,6145.7,3091.4,3158.1,106.44
Apr-01,5661.3,2756.9,2862.8,5969.7,2912.1,3018.7,105.45
May-01,5656.2,2731.4,2840.3,5964.8,2885.6,2995.2,105.45
Jun-01,5726.8,2729,2807.3,6030.7,2878.6,2956.3,105.31
Jul-01,5718.3,2712.2,2837.8,6089.1,2894.3,3021.8,106.48
Aug-01,5769.9,2785.8,2913.7,6159.6,2979.3,3110.5,106.75
Sep-01,5807.5,2790.7,2882.3,6251.2,3009.6,3102.5,107.64
Oct-01,5816,2773.9,2906.1,6349.5,3036.5,3172.7,109.17
Nov-01,5888.9,2834.4,2976.2,6290.3,3032,3179.1,106.82
Dec-01,5943.4,2819.8,2967.9,6292.8,2988.9,3142.4,105.88
Jan-02,5937.2,2798.2,2953.1,6289,2967.9,3128,105.92
Feb-02,6003.5,2855.2,3018.4,6370.5,3033.7,3202.9,106.11
Mar-02,6006,2862.1,2988.3,6267.2,2988.4,3118.3,104.35
Apr-02,5984.7,2800.8,2977.6,6318.4,2961.1,3143.7,105.58
May-02,6019.3,2824.3,3030,6350.8,2983.9,3196.9,105.51
Jun-02,6126.5,2857.4,3009.8,6504.6,3038.8,3195.5,106.17
Jul-02,6159.7,2879.3,3080.8,6601.3,3092.2,3301.6,107.17
Aug-02,6210.5,2940.1,3102.7,6725.1,3191.8,3359.7,108.28
Sep-02,6228.2,2925.3,3121.6,6834.9,3221.4,3425.7,109.74
Oct-02,6282.5,2979.3,3148.5,6819.7,3241,3417.8,108.55
Nov-02,6343.5,3046.9,3178.4,6818.4,3280.1,3416.3,107.48
Dec-02,6405.7,3019.2,3205.1,6975.8,3297,3490.4,108.90
Jan-03,6401.4,3008.3,3197.1,6941.9,3271.1,3467,108.44
Feb-03,6445.8,3046.4,3273.6,7040.2,3337.4,3575.5,109.22
Mar-03,6460.8,3073.4,3316.8,7011.9,3343.8,3599.7,108.53
Apr-03,6460.4,3056.5,3301.2,7009.3,3325.3,3581.7,108.50
May-03,6558.1,3148.1,3312.3,7218.7,3475.6,3646,110.07
Jun-03,6670.1,3187.4,3379,7290,3492,3693,109.29
Jul-03,6751.2,3269.8,3413,7163.8,3473,3621.5,106.11
Aug-03,6790,3315.3,3435.4,7198.9,3518.3,3642.3,106.02
Sep-03,6783.2,3291.4,3460.6,7302.6,3549.2,3725.6,107.66
Oct-03,6872.7,3353.3,3519.2,7309.9,3570.5,3743,106.36
Nov-03,6925.1,3390.5,3536.6,7345.3,3599.9,3751.3,106.07
Dec-03,6998,3379,3575,7444.8,3600.2,3803.3,106.39
Jan-04,7009.2,3402.3,3550.9,7480.2,3636,3789.5,106.72
Feb-04,7091.9,3478.7,3631,7604.1,3735.6,3893.2,107.22
Mar-04,7131.1,3504.3,3721.1,7656.9,3769.8,3995.5,107.37
Apr-04,7133.8,3508.3,3697.3,7479,3679.5,3876.2,104.84
May-04,7196.4,3551.1,3711.1,7517.6,3710.8,3876.8,104.46
Jun-04,7274.3,3533.3,3755.4,7599.1,3693.7,3923,104.46
Jul-04,7316.6,3598.7,3775.1,7655.7,3767.6,3950.1,104.64
Aug-04,7351,3629.7,3840.6,7769.7,3840.3,4059.3,105.69
Sep-04,7379.1,3630,3846,7788.2,3835.3,4059.2,105.54
Oct-04,7429.7,3632.7,3870.2,7862,3849.2,4095.4,105.82
Nov-04,7525.2,3717.8,3949.2,7870.9,3891.5,4130.7,104.60
Dec-04,7596.1,3714.3,3945.7,7976.2,3904.2,4143.1,105.00
Jan-05,7627.7,3734.7,3960.9,8023.2,3932.8,4166.2,105.18
Feb-05,7713.1,3815.4,4040.2,8043.2,3980.9,4213.1,104.28
Mar-05,7776.9,3881,4089.7,8075.7,4031.5,4246.9,103.84
Apr-05,7764.5,3859.1,4022.3,8135.8,4047.3,4214.6,104.78
May-05,7777.9,3846.7,4036,8194,4057,4251.9,105.35
Jun-05,7836.5,3830.3,4017,8268.7,4046.5,4238.5,105.51
Jul-05,7887.6,3881.8,4033.8,8214.7,4045.2,4201.1,104.15
Aug-05,7926.9,3889,4092.3,8324.7,4089.8,4297.7,105.02
Sep-05,7932.7,3892.4,4070.8,8244.1,4048,4230.6,103.93
Oct-05,8027.1,3938.1,4117.2,8268.7,4057.5,4241.1,103.01
Nov-05,8092.3,3968.8,4171.2,8332.3,4087.9,4294.9,102.97
Dec-05,8170.4,3997.9,4135.9,8449.7,4136.1,4277.2,103.42
Jan-06,8196.1,4006,4180.7,8445.1,4128.6,4307.7,103.04
Feb-06,8269.9,4046.2,4263.5,8504.4,4161.5,4384.4,102.84
Mar-06,8371.2,4141,4326.3,8515.2,4210.5,4400.7,101.72
Apr-06,8355.7,4089.4,4234.8,8463.4,4139.9,4289.3,101.29
May-06,8356.8,4048.8,4255.1,8440.3,4087,4297.7,101.00
Jun-06,8420,4060.7,4239.9,8497.3,4095.3,4278.8,100.92
Jul-06,8444.3,4085.1,4266.3,8570.7,4144.5,4330.2,101.50
Aug-06,8515,4149.2,4330.6,8700.3,4239.1,4424.8,102.18
Sep-06,8507,4103.6,4257.3,8721.6,4207.5,4364.7,102.52
Oct-06,8584.3,4139.6,4323.9,8800.6,4244.1,4432.8,102.52
Nov-06,8633.2,4186.2,4366.9,8892.6,4313,4498.1,103.00
Dec-06,8680.2,4151.1,4295.9,8868.2,4240.4,4388.9,102.16
Jan-07,8707.6,4138.8,4333.3,8871.6,4216.3,4415,101.89
Feb-07,8778.1,4202.6,4394.4,9014.5,4316.9,4512.8,102.69
Mar-07,8849.7,4301.8,4422.7,9064,4405.9,4529.8,102.42
Apr-07,8840.2,4250.2,4398.3,9066,4358.7,4510.6,102.55
May-07,8829,4223.2,4364.2,8966.1,4287.1,4432,101.55
Jun-07,8867.7,4183.7,4298.3,8977,4233.1,4351.3,101.23
Jul-07,8932.4,4242.8,4389.3,9124.9,4333.5,4483.9,102.16
Aug-07,9005.6,4341.3,4482.1,9259.5,4463.2,4608.5,102.82
Sep-07,9007.7,4295.2,4407.4,9279.9,4425.2,4540.6,103.02
Oct-07,9079.1,4292.1,4450.6,9384.7,4438.3,4600.4,103.37
Nov-07,9149.3,4395.2,4529.2,9644.8,4636.1,4774.4,105.41
Dec-07,9229.2,4407.7,4522.5,9702.1,4635,4754.2,105.12
Jan-08,9238,4436.7,4518.8,9883.8,4747.7,4834.7,106.99
Feb-08,9358.1,4570.3,4647.3,10039.7,4903,4985.8,107.28
Mar-08,9437.6,4743.6,4718.3,10128,5083.2,5063.4,107.31
Apr-08,9377.6,4700.7,4628.5,9932.8,4971.1,4902.5,105.92
May-08,9388.8,4799.8,4645.2,9824.8,5013.9,4860.9,104.64
Jun-08,9492,4817.1,4682.3,9969,5049.1,4917.6,105.03
Jul-08,9585.5,4938.8,4784,10045.5,5165,5013.6,104.80
Aug-08,9645.8,5014.2,4861.3,10134.7,5256,5107.7,105.07
Sep-08,10024.7,5353.5,5221.9,10475.3,5579.9,5456.6,104.49
Oct-08,10574.1,5844.3,5715.3,10904.6,6012.8,5893.9,103.12
Nov-08,10661.2,5938.7,5784.2,11285.2,6261.5,6122.8,105.85
Dec-08,10699.8,5902.7,5783.6,11565.9,6348.8,6251.7,108.09
Jan-09,10632.1,5859.2,5712.8,11307.6,6208.9,6075.8,106.35
Feb-09,10877.1,6122.5,5975.3,11484.8,6442,6309.1,105.59
Mar-09,11126.9,6376.5,6252,11877.4,6778.8,6673.7,106.75
Apr-09,11238.6,6395,6349.3,11817,6700.3,6676.1,105.15
May-09,11321.6,6430.9,6417.7,11822.8,6691.1,6701.8,104.43
Jun-09,11545.3,6533.7,6600.1,12003,6765.9,6861.7,103.96
Jul-09,11669.3,6656.1,6770.8,12128.6,6887.8,7037.3,103.94
Aug-09,11812.9,6756.4,6927.2,12306.6,7004.7,7216.7,104.18
Sep-09,11909.8,6791,6997.7,12455.3,7065.9,7318.3,104.58
Oct-09,11893.1,6729.2,6911.8,12433.4,6999.5,7225.7,104.54
Nov-09,12113,6952.4,7162.6,12748.4,7277.4,7538.3,105.25
Dec-09,12311.4,7053.4,7260.5,12697.4,7243.5,7488.1,103.13
Jan-10,12278.6,7000.5,7187.6,12786.8,7255.9,7485.1,104.14
Feb-10,12440.1,7178.8,7365.5,12922.5,7422.4,7651.1,103.88
Mar-10,12773.1,7523.2,7745,13158.1,7716.8,7978.5,103.01
Apr-10,12948.7,7672.4,7889.3,13417.3,7914.1,8174.8,103.62
May-10,12992.5,7732.1,7914,13582.8,8043.1,8273.5,104.54
Jun-10,13201.8,7867.6,8092.1,13944.3,8264.8,8547.2,105.62
Jul-10,13237.7,7945.2,8134.1,14004.6,8359.1,8605.4,105.79
Aug-10,13449.7,8160.3,8394.1,14394.4,8680,8983.8,107.03
Sep-10,13561.6,8228.4,8488,14487.6,8737.1,9067.6,106.83
Oct-10,13668.8,8247.7,8496.9,14585.5,8748.7,9066.7,106.71
Nov-10,13860.8,8391.6,8738,14648.2,8815.3,9234.4,105.68
Dec-10,14025.2,8396.7,8852.9,14595.8,8688.7,9213.1,104.07
Jan-11,14131.1,8390.6,8954.4,14668.8,8661,9295.1,103.80
Feb-11,14194.8,8375.9,9066.9,14699.4,8625.5,9389.2,103.55
Mar-11,14270.1,8337.3,9122.4,14741.1,8567.2,9423.5,103.30
Apr-11,14287.6,8261.8,9039.4,14892.1,8561.3,9421.8,104.23
May-11,14344.7,8228.3,9251.9,15052,8575.4,9708.1,104.93
Jun-11,14343.1,8148.2,9326.1,14993.2,8461,9748.8,104.53
Jul-11,14342.4,8140.7,9309.2,15198.9,8561.8,9865.2,105.97
Aug-11,14684.3,8386.5,9513.3,15807,8949.5,10240.7,107.65
Sep-11,14790.3,8484.2,9616,16067.8,9136.3,10446.6,108.64
Oct-11,14993.7,8600.6,9738,16216.8,9217.4,10532.4,108.16
Nov-11,15110.5,8732.7,9869.8,16350.9,9354.8,10680,108.21
Dec-11,15222.9,8799.5,9866.9,16555.2,9463.7,10730.5,108.75
Jan-12,15356.1,8933.6,10060.4,16730,9617.2,10960.5,108.95
Feb-12,15488.9,9075.6,10213.8,16748.5,9696.8,11044.4,108.13
Mar-12,15582.1,9201,10267.9,16678.3,9735.8,10990.3,107.04
Apr-12,15692.4,9268.2,10391.6,16947.4,9877.8,11222.6,108.00
May-12,15770.7,9370.5,10477.7,17236.6,10082.6,11451.5,109.29
Jun-12,15855,9398.5,10456.4,17244.6,10064.8,11372.8,108.76
Jul-12,15933.2,9492.7,10600.2,17448,10220.1,11607.9,109.51
Aug-12,16015.8,9651.4,10749.8,17466.7,10346.9,11723.7,109.06
Sep-12,16066.2,9636.8,10689.6,17468.3,10303.6,11622.4,108.73
Oct-12,16261.5,9781.5,10880.3,17603.7,10413.5,11778.3,108.25
Nov-12,16369.5,9922.3,11025.6,17748.4,10573.3,11954.3,108.42
Dec-12,16432.7,9940.9,11046,17716.5,10542.9,11909,107.81
Jan-13,16433.8,9866.1,11108.1,17572.2,10391.7,11877.6,106.93
Feb-13,16687.3,10088.7,11301.2,17883.3,10641.7,12111.1,107.17
Mar-13,16771.4,10138.9,11333.7,17959.3,10685.8,12136.4,107.08
Apr-13,16828.8,10124.2,11409.6,18115.3,10708.9,12281.8,107.64
May-13,16738.8,10031.5,11390.1,17688.8,10446.9,12036.6,105.68
Jun-13,16738.3,9990.7,11331,17430.8,10276.6,11799.8,104.14
Jul-13,16738.6,9953,11477.7,17387.7,10219.2,11922.8,103.88
Aug-13,16738.7,9961.6,11520.5,17241.5,10155.7,11866.5,103.00
Sep-13,16738.2,9932.3,11590.4,17347.8,10180.4,12012.5,103.64
Oct-13,17156.1,10082.9,11679.9,17805.6,10347,12122.1,103.79
Nov-13,17217.2,10131,11702.2,17775.2,10355,12081.4,103.24
Dec-13,17352,10160,11854.4,17725.1,10296.3,12109.3,102.15
Jan-14,17293,10077.9,11810.2,17895.2,10320.2,12221.5,103.48
Feb-14,17463.2,10227.5,11983.4,18073.6,10476.2,12402.2,103.49
Mar-14,17601.2,10321.5,12120.4,18133.5,10530.2,12487,103.02
Apr-14,17508.4,10167.5,12026.4,18106.9,10406.5,12437.5,103.42
May-14,17517,10182.5,11939.2,18238.6,10481.5,12431,104.12
Jun-14,17632.6,10190.8,12047.5,18306.8,10464.8,12508.2,103.82
Jul-14,17687.1,10247.2,12126.2,18319.5,10498.8,12559.8,103.58
Aug-14,17749.2,10313,12140.1,18517.3,10625,12665.5,104.33
Sep-14,17824.1,10352.8,12264.3,18451,10592.5,12695.6,103.52
Oct-14,17937.2,10411.7,12348.9,18672.6,10702,12855.2,104.10
Nov-14,18005.5,10477.2,12329.4,18862.4,10824.7,12916.2,104.76
Dec-14,18141.4,10578.6,12480.7,18968.6,10902.1,13049.8,104.56
Jan-15,18082.3,10539.6,12391.9,19356,11082.8,13264.8,107.04
Feb-15,18155.9,10628.7,12478.6,19127.9,11031.1,13146.7,105.35
Mar-15,18152.1,10645,12630.1,19170,11068.6,13338.4,105.61
Apr-15,18152.6,10608.9,12631.8,19064.8,10983.6,13266.6,105.03
May-15,18152.9,10607.5,12598.5,18957.8,10930.3,13157.1,104.43
Jun-15,18152,10629.9,12698.7,18779,10865.6,13137.4,103.45
Jul-15,18151.3,10689.7,12801,18895.3,10980.2,13325.7,104.10
Aug-15,18151.2,10674.4,12834.2,18816.9,10922.6,13304.8,103.67
Sep-15,18150.6,10678.6,12841.4,18932,10985.2,13394.2,104.30
Oct-15,18153,10625.9,12720.2,18860.3,10893.7,13215.8,103.90
Nov-15,18827.3,11151.2,13107.6,19456.9,11381.1,13545.9,103.34
Dec-15,18922.2,11254.7,13191.5,19477.8,11445.9,13578.8,102.94
Jan-16,19012.8,11218.5,13065.2,19877.6,11572,13659.5,104.55
Feb-16,19125.5,11376.5,13297.7,20101.6,11788.5,13976.4,105.10
Mar-16,19264.9,11507.9,13431.1,20265.4,11939.3,14128.6,105.19
Apr-16,19187.4,11427.9,13203,20136.5,11834.5,13856.1,104.95
May-16,19265.5,11471.2,13378.4,20160.8,11844,14000.2,104.65
Jun-16,19381.6,11505.7,13417.7,20634.8,12065.9,14285.3,106.47
Jul-16,19427.7,11563.9,13346.4,20717.1,12145.6,14232.2,106.64
Aug-16,19510.3,11662.2,13586,20647.7,12162.7,14378,105.83
Sep-16,19573.4,11738.3,13647.5,20691.4,12236.1,14427.1,105.71
Oct-16,19805.7,11851.3,13757,20721.1,12241.9,14392.8,104.62
Nov-16,19948.1,12002,13908.4,20394.1,12141.9,14219.4,102.24
Dec-16,19976.8,12005.2,13812.1,20380.8,12123.9,14091.4,102.02
Jan-17,19937.3,11941.8,13850.7,20361.7,12073.2,14145.5,102.13
Feb-17,19959.6,11983,13885.8,20403.5,12124.6,14194.6,102.22
Mar-17,19846.4,11941.5,13953.6,20279.1,12077.9,14257.8,102.18
Apr-17,19846.1,11865.5,13801.5,20348.1,12039.6,14150.6,102.53
May-17,19845.9,11857.3,13969.6,20398.9,12058.1,14358.8,102.79
Jun-17,19844.6,11937.5,13997.9,20328.7,12099.6,14339.4,102.44
Jul-17,19844.9,11930.7,14048.6,20325,12093.9,14388.5,102.42
Aug-17,19844.5,11946.6,14082,20473.5,12192.1,14528.4,103.17
Sep-17,20244.9,12246,14097.4,20715,12405.6,14424.7,102.32
Oct-17,20442.5,12321.7,14262.2,20867.3,12454.6,14558.5,102.08
Nov-17,20590.4,12497.6,14426,20969.4,12603.5,14691.6,101.84
Dec-17,20492.7,12406,14337.3,20904.4,12529.6,14625.3,102.01
Jan-18,20493.7,12394.5,14464.6,20673.2,12387.6,14591.3,100.88
Feb-18,20855.7,12754,14666.4,20875.2,12659.6,14680.1,100.09
Mar-18,21089.6,13062.8,14835.7,21216,13028.6,14924.7,100.60
Apr-18,21068.2,12990.1,14838.4,21024.2,12858.6,14807.3,99.79
May-18,21145.2,13106.3,14927.9,21182.2,13022.3,14954,100.17
Jun-18,21195.1,13157,14877.3,21238.4,13077.2,14907.7,100.20
Jul-18,21313.1,13278.8,15074.9,21255.6,13141.5,15034.2,99.73
Aug-18,21458.9,13521.1,15291.4,21480.7,13431.3,15306.9,100.10
Sep-18,21516.1,13506.6,15175.1,21353.1,13310.4,15060.2,99.24
Oct-18,21702.4,13613.5,15214.5,21419.9,13350.2,15016.5,98.70
Nov-18,21850.1,13857.5,15549.7,21683.9,13662.3,15431.4,99.24
Dec-18,21974.1,13920.6,15537.9,22075.2,13882.2,15609.4,100.46
Jan-19,21982.4,13935.8,15609.4,22160,13946.1,15735.6,100.81
Feb-19,22115.5,14122.1,15709.3,22221.4,14092.1,15784.5,100.48
Mar-19,22027.9,14092.1,15834.7,22425.2,14234.5,16120.3,101.80
Apr-19,22027.7,14110.9,15870.5,22346.6,14209.6,16100.3,101.45
May-19,22026.4,14148,15930.9,22700.3,14456.7,16418.2,103.06
Jun-19,22023.3,14139.4,15753.6,22805.1,14515.6,16312.8,103.55
Jul-19,22022.4,14170.3,15959.3,22766.5,14522.7,16498.5,103.38
Aug-19,22460.5,14556.3,16046.6,23773.1,15250.9,16984.4,105.84
Sep-19,22719.4,14755.6,16338.5,23825.8,15326.2,17134.1,104.87
Oct-19,23008.4,14862.6,16505.2,24087,15418.4,17279,104.69
Nov-19,23076.2,14908,16527.5,24081.4,15423.2,17247.4,104.36
Dec-19,23201.4,14884,16673.3,24069.1,15320,17296.8,103.74
Jan-20,23223.8,14862.4,16665.5,24535.1,15563.3,17606.5,105.65
Feb-20,23410,15000.7,16765.2,25136.5,15952.6,18001.7,107.38
Mar-20,23686.9,14767.1,17108.3,25887.4,15951,18697.7,109.29
Apr-20,24974.2,15157.3,18526.7,27198.4,16277.7,20176.7,108.91
May-20,25746.3,15783.7,19120.4,27919.7,16882.1,20734.5,108.44
Jun-20,26477.2,16420.3,19898.6,28646.5,17518,21529,108.19
Jul-20,26525,16429.1,20000.5,28923.7,17644.9,21809.3,109.04
Aug-20,26728.8,16543.6,20183.4,28872.7,17623.8,21802.4,108.02
Sep-20,26945.4,16632.4,20367.6,29077.8,17696.7,21979.4,107.91
Oct-20,27135.5,16662.5,20276.3,29044.9,17602.6,21703.1,107.04
Nov-20,27446.3,16842.3,20685.1,29424.8,17812.2,22176.2,107.21
Dec-20,27747.8,17062.3,20973.1,29655.1,17996.7,22414.7,106.87
Jan-21,27784.6,16990.7,20881,29514,17832.8,22180.7,106.22
Feb-21,27902.4,17034.9,21034.8,29159,17621.7,21982.1,104.50
Mar-21,28132.6,17110.7,21380.8,29066.1,17522.5,22090.2,103.32
Apr-21,28174.7,17169.8,21449.5,29233.5,17648.4,22255.6,103.76
May-21,28199,17059.8,21298.1,29292.2,17559.1,22123.8,103.88
Jun-21,28529.4,17225.2,21732.9,29722.7,17768.5,22641.9,104.18
Jul-21,28427.7,17136.5,21528.7,29933.1,17852.2,22668.7,105.30
Aug-21,28427.3,17036.5,21926.1,29811.2,17674.8,22993.5,104.87
Sep-21,28428.9,16980,21872.6,29595.5,17502.1,22770.1,104.10
Oct-21,28908.8,17250.4,21958.6,30048.2,17757.1,22824.1,103.94
Nov-21,28908,17195.6,22345.5,30147.9,17748.6,23303.9,104.29
Dec-21,29617.2,17640,22584,30718.8,18118.8,23424,103.72
Jan-22,30012.4,17920.3,22912.8,30648.6,18146.4,23398.5,102.12
Feb-22,30290.4,18516.3,23189.9,30781.6,18671.7,23565.9,101.62
Mar-22,30401,18271.4,23280,30167.3,18018.1,23101,99.23
Apr-22,30374.2,18225.6,23071.2,29364.9,17552.9,22304.6,96.68
May-22,30499.6,18316.3,23301,29479.9,17612.6,22522,96.66
Jun-22,30568.6,18309.5,23306.7,29217.6,17450.8,22276.6,95.58
Jul-22,30595.1,18376.9,23159.2,29623.7,17726.7,22423.9,96.83
Aug-22,30936.1,18694.4,23670.1,29294.6,17665.9,22414.1,94.69
Sep-22,30928.9,18797.6,23689.2,28432.8,17283.2,21777.4,91.93
Oct-22,31238.3,18915.4,23608.5,28464,17259.3,21511.7,91.12
Nov-22,31413.3,19178.3,23800.1,29192.6,17825.4,22117.6,92.93
Dec-22,31419.7,19201.7,23800.1,28944.8,17708.2,21925.4,92.12
Jan-23,31455,19327.5,24122.7,29508.8,18133.4,22630.2,93.81
Feb-23,31459.3,19445.3,24277.7,29023.4,17974.3,22397.8,92.26
Mar-23,31458.4,19550.6,24332.3,29613.8,18416.3,22905.6,94.14
Apr-23,31457.8,19534.5,24049.2,29639.7,18416.4,22659.3,94.22
May-23,31464.5,19718.6,24116.5,29302.2,18405.7,22459.2,93.13
Jun-23,32332.3,20619.8,24676.2,29957.7,19161.1,22863.9,92.66
Jul-23,32608.6,20924.9,24927.5,30146.4,19417.4,23045.3,92.45
Aug-23,32914.1,21211.8,25472,30321.8,19626.4,23465.8,92.12
Sep-23,33167.3,21535,25613.2,30084.9,19658.9,23232.8,90.71
Oct-23,33699.6,21849,25997.9,30282.6,19794.9,23361.9,89.86
Nov-23,33878.7,22182.5,26266.4,31168.6,20535.8,24165.2,92.00
Dec-23,34001.5,22327,26229.8,31907,21042.6,24614.1,93.84
Jan-24,34191.2,22512.1,26504.8,32095.2,21235.8,24880,93.87
Feb-24,34471.1,22898.6,26813.3,32010.7,21394.8,24899.5,92.86
Mar-24,34586.5,23072.8,26814.3,32204.7,21609.7,24967.7,93.11
Apr-24,34617,23109.9,26912.8,31706.8,21329.1,24650.3,91.59
May-24,34667.1,23308.8,27036.6,31999.2,21671.5,24955.9,92.30
Jun-24,34831.6,23324.6,26921.2,32284.4,21767.8,24952.4,92.69
Jul-24,35104.8,23655.2,27357.8,33070,22415.5,25772,94.20
Aug-24,35256.1,23943.2,27466.4,33437.6,22834.9,26049.7,94.84
Sep-24,35464.7,24085.2,27723.8,33882.5,23129.6,26486.9,95.54
Oct-24,35951.6,24395.6,27986.2,33749.5,23054.4,26272,93.87
Nov-24,36087.4,24643.1,28098.2,34025.8,23383.2,26493,94.29
Dec-24,36218.6,24686.4,28276.1,33736.3,23172.4,26338.2,93.15
Jan-25,36220.2,24803.9,28514.3,33847.4,23358,26646.3,93.45
Feb-25,36218.9,24836.8,28624,34275.3,23661.9,27087.9,94.63
Mar-25,36214.3,24832.4,28582.5,34289.1,23673.3,27063,94.68
Apr-25,36213.6,24769.1,28571.2,34335.3,23652.3,27089.3,94.81
May-25,36215.8,24912.4,28450.2,34007.2,23579,26715.2,93.90
Jun-25,36211.5,24909.7,28653.1,34273,23750.2,27119.3,94.65
Jul-25,36917,25490.4,28965.8,34788.5,24202.8,27295.7,94.23
