rwshre,unint,capult,prd
4.242,6.166,4.323,5.297
4.255,6.286,4.325,5.287
4.267,6.377,4.323,5.274
4.277,6.242,4.334,5.255
4.293,6.071,4.346,5.243
4.298,5.812,4.348,5.243
4.291,5.914,4.333,5.249
4.275,6.225,4.323,5.256
4.259,6.091,4.337,5.261
4.261,6.026,4.366,5.262
4.247,6.401,4.365,5.275
4.256,6.279,4.373,5.275
4.241,5.798,4.362,5.281
4.24,5.38,4.354,5.283
4.239,5.251,4.364,5.287
4.229,5.71,4.373,5.292
4.233,5.437,4.363,5.297
4.231,5.814,4.365,5.3
4.242,5.499,4.399,5.301
4.239,5.988,4.403,5.301
4.238,5.469,4.41,5.306
4.249,5.43,4.385,5.315
4.245,4.884,4.388,5.318
4.254,5.893,4.417,5.315
4.24,6.112,4.392,5.303
4.254,6.029,4.392,5.3
4.244,6.071,4.411,5.312
4.219,5.648,4.411,5.337
4.191,5.914,4.416,5.351
4.191,5.551,4.417,5.36
4.196,5.822,4.421,5.365
4.182,5.91,4.411,5.369
4.188,5.341,4.438,5.362
4.199,5.539,4.431,5.35
4.201,5.768,4.433,5.34
4.218,5.7,4.432,5.333
4.221,6.422,4.434,5.324
4.214,6.322,4.417,5.332
4.197,6.297,4.433,5.343
4.173,6.456,4.403,5.361
4.146,6.117,4.4,5.378
4.112,6.094,4.397,5.392
4.096,6.326,4.387,5.403
4.11,6.35,4.403,5.404
4.096,6.361,4.378,5.397
4.13,6.303,4.364,5.37
4.152,6.351,4.335,5.346
4.166,6.547,4.285,5.315
4.169,6.767,4.245,5.29
4.149,6.748,4.226,5.274
4.106,6.97,4.173,5.275
4.073,7.215,4.14,5.278
4.021,7.237,4.116,5.295
3.986,7.206,4.085,5.302
3.973,7.308,4.089,5.31
3.959,7.287,4.108,5.321
3.94,7.551,4.105,5.343
3.901,7.635,4.127,5.378
3.885,7.679,4.119,5.399
3.881,7.604,4.156,5.408
3.882,7.742,4.174,5.408
3.858,7.763,4.174,5.419
3.854,7.626,4.187,5.437
3.839,7.619,4.224,5.471
3.835,7.492,4.252,5.491
3.844,7.576,4.263,5.5
3.848,7.715,4.267,5.498
3.835,7.653,4.273,5.506
3.845,7.607,4.278,5.509
3.843,7.521,4.296,5.516
3.849,7.637,4.31,5.523
3.849,7.496,4.333,5.535
3.856,7.486,4.347,5.543
3.86,7.617,4.344,5.547
3.843,7.414,4.339,5.554
3.834,7.653,4.335,5.559
3.843,7.516,4.339,5.561
3.854,7.666,4.342,5.556
3.862,7.651,4.35,5.551
3.879,7.532,4.354,5.546
3.88,7.47,4.358,5.55
3.89,7.524,4.366,5.552
3.903,7.663,4.376,5.552
3.916,7.552,4.412,5.551
3.92,7.18,4.419,5.55
3.924,7.453,4.42,5.545
3.933,7.24,4.434,5.539
3.949,7.172,4.442,5.531
3.958,7.032,4.442,5.52
3.98,7.02,4.458,5.512
4.003,7.348,4.427,5.503
4.004,7.38,4.427,5.493
3.998,7.442,4.425,5.487
3.998,7.252,4.399,5.479
3.993,7.147,4.397,5.479
3.995,7.442,4.404,5.485
3.982,7.498,4.389,5.5
3.976,7.224,4.395,5.511
3.98,7.245,4.401,5.511
3.989,7.022,4.383,5.501
3.975,7.036,4.371,5.5
3.991,6.979,4.372,5.498
3.984,6.92,4.352,5.496
3.974,6.458,4.373,5.501
3.981,6.592,4.375,5.501
3.983,6.922,4.369,5.508
3.992,6.957,4.371,5.507
3.999,6.691,4.354,5.498
4.021,6.709,4.376,5.47
4.043,6.568,4.385,5.457
4.046,6.923,4.403,5.457
4.03,6.782,4.386,5.468
4.03,6.98,4.392,5.476
4.024,6.674,4.384,5.478
4.028,6.736,4.39,5.482
4.04,6.747,4.382,5.475
4.046,7.068,4.363,5.469
4.08,6.888,4.387,5.445
4.104,6.141,4.399,5.429
4.118,6.844,4.372,5.419
4.119,7.008,4.366,5.417
4.127,6.636,4.361,5.405
4.128,6.717,4.34,5.386
4.139,6.595,4.329,5.369
4.164,6.201,4.325,5.35
4.164,5.758,4.306,5.341
4.153,6.096,4.302,5.344
4.172,5.926,4.309,5.337
4.186,6.127,4.293,5.324
4.194,6.628,4.278,5.312
4.208,6.353,4.266,5.3
4.221,6.138,4.25,5.295
4.226,6.36,4.253,5.287
4.216,6.251,4.251,5.283
4.213,6.141,4.247,5.284
4.219,6.014,4.256,5.282
4.204,6.226,4.256,5.291
4.197,6.331,4.277,5.293
4.2,6.119,4.291,5.299
4.202,6.735,4.273,5.298
4.193,6.569,4.254,5.297
4.197,6.523,4.26,5.292
4.186,6.671,4.261,5.298
4.183,6.297,4.278,5.307
4.175,6.553,4.291,5.32
4.179,6.206,4.283,5.326
4.172,6.11,4.297,5.338
4.165,5.509,4.328,5.348
4.155,5.829,4.334,5.36
4.156,5.341,4.342,5.369
4.155,5.603,4.333,5.377
4.142,5.865,4.316,5.385
4.142,6.134,4.345,5.388
4.15,6.062,4.353,5.387
4.153,5.851,4.364,5.385
4.162,6.5,4.369,5.388
4.149,5.945,4.359,5.399
4.154,5.748,4.364,5.403
4.156,5.289,4.364,5.402
4.181,5.226,4.389,5.389
4.164,5.588,4.384,5.381
4.179,5.815,4.392,5.381
4.177,5.591,4.398,5.383
4.176,5.6,4.409,5.387
4.177,6.146,4.41,5.384
4.189,5.814,4.414,5.379
4.201,4.96,4.433,5.375
4.207,4.851,4.406,5.374
4.209,5.246,4.41,5.377
4.199,5.347,4.402,5.38
4.198,5.266,4.406,5.378
4.172,5.804,4.382,5.387
4.163,3.248,4.401,5.392
4.163,5.532,4.394,5.391
4.149,5.268,4.375,5.391
4.155,6.026,4.389,5.387
4.158,5.233,4.364,5.385
4.159,5.014,4.356,5.378
4.166,6.284,4.359,5.373
4.177,6.206,4.362,5.365
4.151,5.347,4.349,5.372
4.158,5.877,4.355,5.359
4.182,5.516,4.325,5.323
4.014,6.053,4.123,5.357
4.053,6.307,4.185,5.323
4.072,6.293,4.244,5.313
4.048,6.668,4.274,5.359
4.024,5.935,4.297,5.393
4.004,6.246,4.307,5.411
4.008,6.468,4.312,5.419
3.992,5.593,4.305,5.433
3.971,5.622,4.313,5.456
3.968,5.232,4.342,5.478
3.953,6.053,4.321,5.487
3.949,6.333,4.353,5.499
3.926,6.012,4.35,5.508
3.964,6.324,4.376,5.497
3.958,6.437,4.38,5.48
4.003,5.901,4.399,5.451
4.031,5.942,4.385,5.432
4.03,5.156,4.38,5.438
4.004,6.189,4.374,5.465
3.975,6.657,4.367,5.493
4.004,6.741,4.393,5.474
4.031,6.161,4.379,5.449
4.061,6.131,4.385,5.419
4.089,5.917,4.387,5.395
4.121,5.905,4.394,5.373
4.113,5.283,4.383,5.364
4.073,4.805,4.382,5.352
4.091,5.992,4.377,5.339
4.103,5.942,4.381,5.334
4.122,2.475,4.393,5.329
4.127,5.488,4.397,5.329
4.137,4.859,4.387,5.322
4.138,5.437,4.376,5.309
4.173,5.285,4.409,5.301
4.156,4.924,4.402,5.292
4.168,5.023,4.388,5.286
4.164,5.55,4.391,5.288
4.162,5.675,4.382,5.289
4.163,5.838,4.374,5.29
4.165,5.439,4.378,5.293
4.153,5.654,4.385,5.299
4.122,5.711,4.377,5.321
4.121,5.493,4.365,5.333
4.121,5.343,4.371,5.34
4.122,5.668,4.362,5.333
4.143,4.499,4.35,5.321
4.154,4.994,4.366,5.316
4.172,4.788,4.365,5.324
4.142,5.109,4.356,5.335
4.143,5.4,4.36,5.339
4.136,5.926,4.351,5.348
4.133,5.403,4.364,5.349
4.141,5.975,4.352,5.343
4.151,5.923,4.348,5.331
4.166,5.221,4.333,5.312
4.19,5.628,4.35,5.297
4.201,5.4,4.343,5.289
4.201,5.252,4.355,5.285
4.198,5.733,4.352,5.287
4.21,5.719,4.363,5.288
4.198,5.661,4.362,5.298
4.188,5.992,4.363,5.305
4.19,5.368,4.374,5.306
4.202,5.854,4.376,5.305
4.184,5.811,4.364,5.316
4.208,6.412,4.369,5.305
4.212,5.919,4.371,5.309
4.234,5.288,4.385,5.314
4.23,4.822,4.385,5.315
