usst,ppironstl,iprinstl.ts,steelee.ts
196.8800049,178,108.2802,281.3
197.2799988,173,101.3786,278.9
208.2700043,169.1,97.6824,278.2
203.1100006,163.7,99.8809,274.5
189.8999939,160.2,100.0451,273.1
178.8399963,159.7,107.0846,275.5
173.5399933,159,106.3896,272.4
146.7400055,157.4,102.7007,271.8
162.6300049,155.1,102.3004,268.4
156.3000031,151.6,101.7634,267.6
151.3699951,146,94.9796,267.2
147.25,142.1,94.8929,266.3
154.1699982,139.7,96.6986,264.5
187.5,138.6,99.1052,261.7
200.9799957,138.7,99.851,259.9
190.8699951,142.7,99.06,257.5
196.5099945,148.1,100.7192,257.2
220.6100006,151.6,100.465,255.9
197.8999939,154.6,96.4653,253.6
202.8999939,157.6,95.4339,252.3
198.7700043,156,92.2073,251.5
257.5299988,154,89.8596,251.6
250.0800018,153.5,93.6497,250.7
248.6999969,155.4,97.3826,251.2
266.7099915,159.6,100.6337,251.1
249.5399933,163.4,99.2989,250.7
243.3300018,166.1,97.853,251
228.0899963,167.3,98.2543,251.6
235.0599976,170.3,97.8146,253.3
236.7400055,171.5,98.8227,255.4
235.2200012,175.2,98.5077,255.4
240.1499939,168.6,100.4598,256.3
247.9400024,171,102.3109,255
250.8200073,169.3,101.6769,255.8
278.1300049,167.3,102.9692,255.1
293.6499939,168.3,101.3984,258.1
297.4700012,169.3,100.9804,257.3
272.4700012,174.6,103.8484,257.9
278.5599976,177.7,106.114,257.5
298.980011,182,103.5206,258
280.5100098,188.9,103.9195,257.8
296.1499939,192.9,103.4702,260.6
280.019989,196.5,103.0891,259.3
280.8399963,200.4,104.2139,261.7
252.9199982,203.5,103.8836,261.4
247.0700073,202.2,104.2672,261.8
209.8099976,205.2,102.9955,263.8
250.1600037,203.9,100.3258,266.8
253.1199951,201.7,96.1407,265.7
242.0200043,195.3,96.3015,266.7
233.5899963,195.7,95.7317,266.8
194.8399963,191.8,95.3919,265.5
229.2799988,189.3,93.3731,266.4
227.9900055,184.6,90.6731,267.4
205.8600006,178.8,93.5458,266.1
216.3600006,175.5,94.8804,266.4
229.2799988,174.2,94.8725,265.8
243.8600006,171.9,95.0116,261.3
242.1300049,167,96.3603,261.5
210.9499969,163.7,100.2263,260.9
187.6100006,163.6,104.278,259
153.2599945,163.9,100.2769,259.9
166.2400055,165.4,96.8618,258.5
176.5500031,164.6,70.2958,233.5
177.9100037,160.6,67.5016,227.1
179.5,159.9,73.1722,234.4
192.0399933,158.9,76.8788,231.5
187.4199982,156.3,83.9328,233
200.5200043,155.7,90.6574,231.6
221.8999939,158.2,90.8067,232.2
223.0899963,161.7,93.2029,233.6
208.4299927,171.6,96.4971,235.4
251.6300049,181.5,98.635,233.4
317.9299927,200.8,93.921,233.3
328.6600037,232.5,97.2384,235.1
385.25,271.8,99.2039,235.8
360.3500061,281.7,99.1802,234.9
387.3399963,299.8,100.5296,239
415.2900085,327.783,103.119,239.2
357.3500061,345.66,103.4583,237.7
404.3500061,362.257,107.3361,236.3
375.2600098,376.255,108.3217,235.7
402.980011,385.805,107.6976,238.6
356.1000061,386.667,106.3111,240.6
455.769989,388.598,103.8486,240.8
533.5499878,354.113,104.5123,244
521.8900146,334.586,104.3789,243.3
472.5599976,346.061,106.9092,242.8
367.9899902,381.294,110.0029,242.4
452.0700073,377.009,108.9086,243.4
448.1900024,363.31,110.2352,244.5
374.8999939,341.139,109.6085,245.8
451.2399902,317.913,109.4281,246.2
509.4700012,300.622,108.6557,247.7
473.1799927,290.515,106.3967,248.8
583.3200073,281.351,104.6784,250.5
594.2999878,273.672,107.9938,247.9
548.4799805,284.45,110.9985,249.5
512.6699829,287.373,110.4781,251.2
462.8999939,292.847,109.4451,250.5
559.9899902,310.869,109.4501,251.4
583.6199951,312.092,109.4374,253.9
580.5599976,295.292,107.4927,255.1
547.9799805,289.812,107.1433,254.8
532.289978,278.443,106.8983,252.4
590.1300049,270.063,107.1286,250.9
627.1300049,261.341,107.6188,248.6
648.8599854,262.503,106.8313,251.9
685.2999878,279.275,103.7091,249
711.7199707,292.398,104.5002,250.3
607.289978,267.013,104.7224,250.6
622.2600098,259.689,103.0769,251.9
589.5800171,262.449,103.9971,251.6
614.9400024,258.511,102.0019,251.6
564.039978,250.669,102.7684,249.9
566.1099854,244.033,104.0918,248.3
551.3800049,239.142,105.6813,246
603.710022,238.862,102.6025,245.1
480.8900146,243.857,101.7834,244.2
521.4099731,232,106.2205,244.5
548.4099731,226.145,106.2743,243.2
503.3699951,234.033,105.7223,244.5
508.5499878,249.217,106.8422,243.9
497.8699951,263.361,106.4246,243.7
549.289978,289.435,104.9287,244.3
575.960022,269.581,109.6206,244.8
597.1599731,265.706,110.216,244.8
582.0900269,270.968,108.1238,244.3
628.5300293,267.299,115.5784,243.8
660.960022,263.849,111.6527,243.4
678.0800171,252.464,107.3732,242.3
737.5800171,272.784,109.6752,243.5
